order_id,customer_id,order_date,status,region_code
1,196.0,2026-03-23 23:18:50,PLACED,East
2,258.0,2025-06-16 20:03:28,RETURNED,East
3,395.0,2024-09-14 05:29:58,SHIPPED,North
4,34.0,2025-10-16 21:45:22,CANCELLED,West
5,,2025-01-08 04:33:07,DELIVERED,North
6,4.0,2025-05-30 03:24:31,PLACED,South
7,296.0,2025-06-27 01:37:47,SHIPPED,South
8,335.0,2026-05-07 12:59:12,DELIVERED,West
9,9.0,2025-04-12 00:00:00,RETURNED,North
10,361.0,2025-01-29 11:18:16,PLACED,North
11,354.0,2025-11-09 01:13:54,PLACED,South
12,356.0,2025-06-22 18:24:01,PLACED,East
13,35.0,2025-11-12 20:28:20,SHIPPED,East
14,158.0,2025-08-27 05:44:34,CANCELLED,North
15,1.0,2025-06-02 19:27:21,RETURNED,West
16,79.0,2025-04-27 10:53:41,CANCELLED,West
17,,2026-02-22 22:01:52,CANCELLED,East
18,300.0,2025-03-05 13:18:21,SHIPPED,North
19,39.0,2024-07-27 14:35:22,SHIPPED,North
20,,2025-03-18 22:36:09,SHIPPED,North
21,483.0,2026-06-28 22:30:36,CANCELLED,South
22,305.0,2024-08-23 22:25:01,CANCELLED,North
23,65.0,2025-01-12 17:53:59,SHIPPED,South
24,323.0,2025-11-29 03:27:12,PLACED,North
25,103.0,2026-04-18 17:01:46,PLACED,East
26,364.0,2026-05-16 00:04:57,DELIVERED,East
27,228.0,2025-06-19 19:42:24,PLACED,West
28,172.0,2025-04-26 21:03:34,DELIVERED,North
29,154.0,2026-04-18 22:45:35,SHIPPED,West
30,447.0,2026-04-15 19:55:02,CANCELLED,West
31,320.0,2026-02-27 07:40:54,PLACED,West
32,78.0,2025-06-20 22:13:49,PLACED,South
33,26.0,2024-12-19 03:58:10,SHIPPED,North
34,496.0,2026-07-02 11:05:51,PLACED,South
35,,2025-04-08 00:10:21,DELIVERED,South
36,475.0,2025-11-05 04:35:45,SHIPPED,West
37,11.0,2024-12-18 07:59:36,CANCELLED,South
38,409.0,2026-06-22 12:54:03,CANCELLED,West
39,76.0,2025-01-01 01:27:27,PLACED,South
40,80.0,2024-09-12 14:24:23,DELIVERED,East
41,442.0,2025-04-29 09:14:29,CANCELLED,West
42,2.0,2025-08-14 11:53:30,DELIVERED,East
43,121.0,2024-10-26 21:26:22,CANCELLED,South
44,470.0,2026-03-10 18:33:17,CANCELLED,South
45,144.0,2025-02-19 11:50:38,SHIPPED,North
46,495.0,2024-09-18 19:31:26,RETURNED,South
47,261.0,2024-07-13 10:02:03,CANCELLED,West
48,57.0,2025-10-26 07:44:35,PLACED,North
49,437.0,2025-09-18 04:21:35,CANCELLED,North
50,367.0,2025-08-29 21:00:31,CANCELLED,West
51,276.0,2026-01-10 22:22:29,DELIVERED,West
52,68.0,2025-03-19 03:04:58,DELIVERED,South
53,214.0,2025-11-27 04:56:06,DELIVERED,South
54,105.0,2025-08-15 15:08:38,DELIVERED,East
55,392.0,2025-03-01 19:27:07,PLACED,West
56,352.0,2025-11-30 04:42:08,CANCELLED,South
57,496.0,2026-05-03 02:19:32,RETURNED,North
58,,2025-05-22 02:29:11,CANCELLED,South
59,408.0,2025-11-16 13:26:51,DELIVERED,West
60,293.0,2025-01-31 04:46:50,CANCELLED,East
61,244.0,2024-08-28 09:15:04,PLACED,East
62,210.0,2025-12-11 14:40:08,DELIVERED,East
63,415.0,2024-10-16 22:54:53,CANCELLED,North
64,,2026-05-25 03:22:35,CANCELLED,North
65,349.0,2024-07-28 03:32:23,CANCELLED,East
66,232.0,2026-04-28 12:01:44,PLACED,North
67,402.0,2025-06-25 08:48:45,PLACED,West
68,401.0,2024-05-10 00:00:00,RETURNED,East
69,276.0,2026-05-17 14:01:45,DELIVERED,North
70,205.0,2026-05-18 10:24:47,PLACED,East
71,41.0,2025-02-21 21:29:02,SHIPPED,West
72,493.0,2025-02-03 12:46:35,PLACED,North
73,429.0,2024-12-31 17:51:55,RETURNED,West
74,48.0,2024-12-18 18:46:27,CANCELLED,East
75,462.0,2025-10-15 19:09:28,DELIVERED,East
76,430.0,2025-04-13 22:45:08,CANCELLED,West
77,414.0,2026-01-16 13:24:03,RETURNED,South
78,282.0,2025-02-20 06:35:17,SHIPPED,North
79,308.0,2025-01-14 00:25:01,DELIVERED,North
80,69.0,2026-05-15 12:57:04,PLACED,South
81,19.0,2024-07-09 08:51:40,RETURNED,North
82,163.0,2025-07-10 09:39:05,CANCELLED,East
83,454.0,2025-03-02 06:31:21,CANCELLED,East
84,252.0,2025-07-27 08:25:41,CANCELLED,West
85,413.0,2024-10-25 17:17:28,SHIPPED,North
86,72.0,2025-03-07 20:22:28,DELIVERED,East
87,485.0,2025-01-01 05:19:15,CANCELLED,West
88,486.0,2025-04-02 09:43:02,SHIPPED,North
89,20.0,2026-04-02 20:30:35,SHIPPED,North
90,221.0,2025-09-29 11:40:29,PLACED,North
91,437.0,2025-03-03 16:36:14,CANCELLED,West
92,67.0,2026-05-17 18:32:12,CANCELLED,North
93,252.0,2024-08-20 09:37:42,CANCELLED,West
94,,2026-06-17 09:23:45,CANCELLED,South
95,66.0,2026-04-08 23:00:59,SHIPPED,North
96,48.0,2025-08-17 11:14:59,RETURNED,South
97,300.0,2025-04-18 12:10:24,RETURNED,South
98,98.0,2024-07-25 16:41:08,PLACED,North
99,425.0,2025-06-06 04:38:49,DELIVERED,East
100,403.0,2024-10-11 06:56:24,PLACED,South
101,14.0,2025-12-14 10:54:59,DELIVERED,North
102,55.0,2025-11-07 18:51:55,PLACED,East
103,361.0,2025-07-23 02:30:06,SHIPPED,West
104,445.0,2024-12-07 20:56:40,CANCELLED,West
105,433.0,2025-08-17 03:42:30,PLACED,North
106,,2025-11-30 02:18:51,DELIVERED,South
107,11.0,2024-11-21 00:00:00,DELIVERED,East
108,156.0,2026-06-28 00:00:00,SHIPPED,North
109,120.0,2026-01-23 00:30:38,CANCELLED,East
110,469.0,2024-08-24 18:07:43,DELIVERED,South
111,267.0,2025-03-29 22:29:39,SHIPPED,East
112,43.0,2025-02-11 14:24:57,CANCELLED,South
113,246.0,2025-07-08 23:08:43,CANCELLED,South
114,253.0,2024-12-06 10:01:31,SHIPPED,North
115,265.0,2024-10-25 23:00:39,DELIVERED,West
116,349.0,2024-12-01 04:58:28,DELIVERED,West
117,473.0,2026-02-27 21:02:18,RETURNED,South
118,263.0,2024-08-22 11:06:37,SHIPPED,North
119,95.0,2025-06-16 19:10:27,SHIPPED,North
120,471.0,2026-01-01 19:24:19,SHIPPED,East
121,140.0,2025-02-01 00:49:55,CANCELLED,North
122,344.0,2025-11-12 15:01:28,PLACED,West
123,240.0,2024-07-30 12:07:59,SHIPPED,West
124,104.0,2025-12-06 10:10:00,SHIPPED,West
125,416.0,2025-05-22 04:31:05,CANCELLED,South
126,,2025-05-08 00:00:00,PLACED,West
127,187.0,2025-01-11 08:34:09,CANCELLED,South
128,268.0,2025-11-20 00:38:58,PLACED,South
129,440.0,2025-06-17 09:14:00,DELIVERED,East
130,474.0,2026-06-13 03:04:49,CANCELLED,South
131,264.0,2024-10-06 11:35:28,RETURNED,East
132,480.0,2026-01-15 02:12:17,PLACED,South
133,38.0,2024-11-04 16:38:50,SHIPPED,West
134,458.0,2025-11-03 19:07:29,CANCELLED,South
135,232.0,2025-10-19 00:06:09,SHIPPED,East
136,467.0,2026-02-20 21:51:18,SHIPPED,North
137,211.0,2025-05-13 08:16:18,SHIPPED,North
138,311.0,2024-11-11 00:00:00,DELIVERED,East
139,234.0,2024-08-07 20:17:33,DELIVERED,North
140,334.0,2025-02-06 04:59:32,CANCELLED,East
141,133.0,2025-04-20 12:48:09,CANCELLED,East
142,222.0,2025-09-28 03:45:08,CANCELLED,West
143,271.0,2025-04-30 05:13:24,DELIVERED,North
144,9.0,2025-11-27 23:25:16,DELIVERED,East
145,228.0,2025-10-21 03:51:03,CANCELLED,South
146,91.0,2026-04-04 00:00:00,PLACED,North
147,418.0,2026-01-20 12:26:58,SHIPPED,South
148,287.0,2026-07-03 11:59:47,CANCELLED,West
149,171.0,2024-12-20 13:33:06,PLACED,West
150,382.0,2026-03-30 21:34:55,PLACED,South
151,390.0,2026-03-09 08:25:50,PLACED,South
152,333.0,2024-08-26 23:17:13,DELIVERED,West
153,423.0,2025-08-18 18:53:04,SHIPPED,South
154,,2026-03-12 21:27:52,DELIVERED,North
155,373.0,2025-01-19 19:02:44,SHIPPED,East
156,332.0,2025-11-11 13:42:43,CANCELLED,North
157,,2026-02-07 05:50:59,PLACED,South
158,25.0,2025-09-10 09:09:49,RETURNED,North
159,19.0,2025-10-01 20:11:38,RETURNED,South
160,498.0,2025-11-01 06:09:34,CANCELLED,East
161,282.0,2025-01-16 03:20:25,RETURNED,South
162,268.0,2025-12-24 00:00:00,PLACED,North
163,437.0,2026-07-09 07:52:18,DELIVERED,East
164,139.0,2025-06-13 21:25:03,CANCELLED,South
165,290.0,2025-04-13 06:40:15,PLACED,North
166,187.0,2025-04-21 09:59:56,SHIPPED,West
167,263.0,2026-04-20 19:23:25,DELIVERED,North
168,177.0,2026-02-14 12:40:10,DELIVERED,East
169,10.0,2025-03-08 19:34:02,DELIVERED,South
170,367.0,2025-11-13 16:16:15,PLACED,South
171,343.0,2025-05-14 11:22:29,CANCELLED,South
172,364.0,2025-06-25 22:41:03,DELIVERED,South
173,31.0,2025-05-04 08:48:56,SHIPPED,West
174,405.0,2026-04-08 09:46:27,RETURNED,East
175,357.0,2025-10-18 14:11:54,RETURNED,South
176,229.0,2025-02-24 11:25:56,RETURNED,West
177,43.0,2026-01-23 12:39:25,CANCELLED,South
178,464.0,2026-07-04 09:27:40,PLACED,North
179,55.0,2026-02-09 06:51:19,PLACED,South
180,357.0,2025-09-24 02:40:25,SHIPPED,South
181,307.0,2025-07-31 04:39:41,PLACED,East
182,333.0,2026-06-24 20:56:18,SHIPPED,South
183,314.0,2026-01-31 13:07:23,DELIVERED,East
184,365.0,2024-11-16 22:44:59,CANCELLED,South
185,489.0,2025-06-16 13:34:23,PLACED,North
186,194.0,2025-08-28 03:36:25,CANCELLED,South
187,290.0,2025-08-29 01:20:33,PLACED,East
188,,2024-11-08 09:13:35,SHIPPED,West
189,90.0,2025-03-31 07:54:50,SHIPPED,North
190,466.0,2024-10-17 15:33:25,RETURNED,North
191,172.0,2025-03-15 02:25:43,CANCELLED,South
192,173.0,2026-03-22 03:28:22,DELIVERED,North
193,462.0,2025-11-11 12:02:50,PLACED,West
194,194.0,2024-07-25 20:05:14,PLACED,West
195,102.0,2025-02-04 00:00:00,DELIVERED,West
196,231.0,2025-05-01 17:02:22,RETURNED,South
197,433.0,2024-12-16 16:30:24,PLACED,East
198,,2026-03-26 13:54:07,SHIPPED,North
199,,2026-03-06 00:33:04,DELIVERED,South
200,160.0,2024-12-15 10:45:43,CANCELLED,East
201,395.0,2025-04-26 23:54:26,SHIPPED,North
202,339.0,2025-04-15 17:23:36,SHIPPED,North
203,434.0,2025-11-15 10:53:13,RETURNED,North
204,464.0,2026-05-12 02:30:40,RETURNED,East
205,65.0,2025-03-24 05:26:23,CANCELLED,East
206,293.0,2025-07-06 08:27:15,CANCELLED,South
207,405.0,2024-12-04 16:20:07,SHIPPED,South
208,17.0,2025-05-31 00:00:00,PLACED,South
209,317.0,2026-01-10 03:13:52,PLACED,West
210,332.0,2024-12-23 21:49:33,RETURNED,North
211,5.0,2025-02-23 18:52:32,CANCELLED,East
212,95.0,2025-11-14 04:53:45,DELIVERED,West
213,490.0,2024-09-16 15:24:14,DELIVERED,South
214,476.0,2025-09-18 15:03:09,PLACED,South
215,106.0,2025-04-17 09:11:02,SHIPPED,East
216,157.0,2025-06-01 12:25:02,PLACED,East
217,279.0,2025-03-17 11:38:14,SHIPPED,East
218,325.0,2024-07-27 08:35:47,CANCELLED,West
219,24.0,2024-10-19 02:27:35,SHIPPED,East
220,188.0,2024-12-22 11:34:57,SHIPPED,South
221,159.0,2025-08-16 04:00:55,DELIVERED,South
222,490.0,2025-07-19 10:37:29,SHIPPED,East
223,249.0,2026-02-13 20:57:04,CANCELLED,South
224,154.0,2025-11-07 03:52:04,DELIVERED,South
225,116.0,2025-01-02 20:02:44,RETURNED,South
226,500.0,2025-09-07 18:44:19,PLACED,South
227,273.0,2024-07-15 06:50:31,RETURNED,East
228,95.0,2025-07-04 13:41:01,DELIVERED,East
229,205.0,2026-04-01 04:40:31,SHIPPED,East
230,299.0,2025-05-31 06:14:58,SHIPPED,East
231,330.0,2025-03-26 09:30:12,SHIPPED,South
232,208.0,2025-12-24 08:54:58,PLACED,East
233,396.0,2026-02-07 20:48:54,PLACED,South
234,173.0,2024-09-10 07:20:17,DELIVERED,West
235,383.0,2026-01-02 21:45:38,RETURNED,West
236,399.0,2026-01-12 05:40:09,DELIVERED,South
237,256.0,2025-12-20 06:03:02,DELIVERED,East
238,366.0,2025-12-27 12:37:27,DELIVERED,North
239,17.0,2024-12-04 05:46:31,RETURNED,South
240,417.0,2025-06-15 04:04:03,RETURNED,South
241,36.0,2025-10-01 09:19:11,DELIVERED,North
242,26.0,2025-05-16 14:06:53,CANCELLED,West
243,57.0,2026-02-08 01:53:06,RETURNED,East
244,48.0,2026-05-08 05:07:39,RETURNED,South
245,296.0,2024-09-10 19:24:48,RETURNED,West
246,48.0,2025-04-10 18:56:40,DELIVERED,West
247,130.0,2025-03-27 00:00:00,DELIVERED,South
248,445.0,2025-04-09 14:03:22,SHIPPED,North
249,113.0,2025-12-23 11:19:09,SHIPPED,North
250,396.0,2026-06-18 15:54:46,SHIPPED,East
251,82.0,2024-10-12 00:00:00,PLACED,North
252,399.0,2026-06-22 13:35:43,CANCELLED,South
253,369.0,2024-07-29 08:04:33,CANCELLED,South
254,80.0,2026-01-03 07:48:30,RETURNED,West
255,271.0,2025-09-01 02:20:09,PLACED,South
256,131.0,2024-11-09 02:21:39,PLACED,East
257,489.0,2026-05-14 01:25:14,DELIVERED,North
258,364.0,2025-04-17 00:34:41,RETURNED,East
259,77.0,2026-02-15 18:20:03,RETURNED,East
260,23.0,2025-06-06 04:25:25,DELIVERED,South
261,203.0,2025-10-26 19:02:54,PLACED,South
262,474.0,2025-10-28 01:24:47,CANCELLED,East
263,26.0,2026-03-30 12:46:19,DELIVERED,South
264,411.0,2025-03-29 17:22:50,SHIPPED,South
265,402.0,2025-12-19 12:17:23,DELIVERED,South
266,379.0,2026-05-27 16:54:31,SHIPPED,South
267,358.0,2025-12-04 04:46:49,PLACED,South
268,70.0,2024-10-12 09:41:00,PLACED,East
269,88.0,2025-10-29 13:43:42,DELIVERED,South
270,33.0,2026-05-06 16:49:05,DELIVERED,East
271,97.0,2025-06-29 15:47:42,RETURNED,North
272,358.0,2026-01-31 02:29:09,DELIVERED,South
273,309.0,2024-11-02 19:56:41,SHIPPED,East
274,287.0,2024-11-13 16:08:06,SHIPPED,South
275,32.0,2025-02-03 01:31:42,DELIVERED,West
276,422.0,2024-11-21 14:47:32,PLACED,East
277,133.0,2024-10-07 20:08:08,SHIPPED,South
278,227.0,2025-04-06 03:32:24,DELIVERED,South
279,28.0,2025-10-19 19:18:51,SHIPPED,West
280,484.0,2025-07-31 13:21:46,SHIPPED,East
281,202.0,2024-11-03 04:10:10,CANCELLED,North
282,53.0,2025-08-03 15:09:41,DELIVERED,East
283,439.0,2025-01-28 09:43:48,CANCELLED,North
284,255.0,2025-05-15 17:04:33,CANCELLED,East
285,,2025-05-16 05:59:15,SHIPPED,North
286,258.0,2026-04-03 10:03:31,RETURNED,East
287,54.0,2026-02-15 14:05:50,PLACED,West
288,127.0,2025-05-22 08:35:03,CANCELLED,West
289,283.0,2025-07-22 01:47:30,SHIPPED,North
290,160.0,2025-09-08 06:51:28,PLACED,East
291,247.0,2026-05-28 19:07:50,CANCELLED,East
292,411.0,2026-04-20 16:07:10,DELIVERED,East
293,104.0,2024-08-07 15:14:18,CANCELLED,South
294,156.0,2025-08-07 15:19:36,CANCELLED,West
295,484.0,2025-05-23 10:34:52,DELIVERED,South
296,494.0,2026-06-28 06:11:22,DELIVERED,South
297,314.0,2026-02-18 20:39:47,PLACED,East
298,363.0,2026-02-05 12:11:10,CANCELLED,West
299,303.0,2025-05-21 06:12:42,RETURNED,North
300,102.0,2024-12-12 21:34:39,DELIVERED,West
301,65.0,2025-07-31 13:48:27,SHIPPED,North
302,214.0,2025-05-22 19:48:21,DELIVERED,South
303,89.0,2025-09-03 02:09:42,PLACED,East
304,223.0,2024-09-16 15:04:40,RETURNED,South
305,372.0,2026-04-30 13:23:13,RETURNED,East
306,165.0,2026-02-04 00:00:00,SHIPPED,West
307,44.0,2026-06-14 13:41:07,CANCELLED,East
308,379.0,2026-09-02 00:00:00,PLACED,West
309,317.0,2024-08-09 12:00:36,SHIPPED,South
310,208.0,2025-01-31 20:40:38,CANCELLED,West
311,471.0,2025-05-26 00:16:51,DELIVERED,South
312,261.0,2025-08-28 16:17:05,CANCELLED,East
313,195.0,2025-08-14 17:39:46,CANCELLED,West
314,281.0,2025-10-13 00:00:00,RETURNED,East
315,284.0,2025-02-02 14:54:14,RETURNED,East
316,143.0,2025-08-14 04:36:02,SHIPPED,North
317,425.0,2025-02-18 14:37:33,SHIPPED,West
318,75.0,2025-08-02 22:14:58,DELIVERED,North
319,,2024-07-13 08:00:26,CANCELLED,South
320,37.0,2026-05-05 13:48:38,CANCELLED,East
321,22.0,2025-11-01 15:04:04,RETURNED,South
322,450.0,2025-08-05 21:49:18,SHIPPED,South
323,194.0,2025-07-04 21:02:35,SHIPPED,East
324,383.0,2026-05-25 17:01:33,SHIPPED,West
325,175.0,2025-08-04 08:46:53,CANCELLED,North
326,312.0,2024-11-04 00:52:18,PLACED,North
327,,2025-05-09 06:10:38,SHIPPED,West
328,167.0,2025-12-08 23:20:46,DELIVERED,South
329,44.0,2025-12-29 03:37:58,SHIPPED,East
330,2.0,2025-04-18 01:26:54,DELIVERED,East
331,203.0,2026-02-27 02:08:14,PLACED,South
332,414.0,2024-10-24 03:32:21,PLACED,North
333,337.0,2024-10-25 12:03:22,CANCELLED,West
334,416.0,2024-08-21 01:55:56,DELIVERED,North
335,155.0,2025-07-13 04:25:23,SHIPPED,West
336,465.0,2024-10-27 08:39:53,CANCELLED,East
337,40.0,2025-08-10 09:06:28,PLACED,South
338,212.0,2025-10-22 23:42:52,PLACED,East
339,464.0,2025-01-16 06:06:25,PLACED,North
340,155.0,2025-10-31 04:58:09,RETURNED,West
341,67.0,2024-10-16 07:56:41,PLACED,West
342,45.0,2025-10-27 01:08:18,RETURNED,West
343,63.0,2025-07-03 13:59:43,DELIVERED,North
344,223.0,2025-05-23 14:19:02,PLACED,East
345,16.0,2025-08-18 00:00:00,SHIPPED,West
346,23.0,2025-06-28 07:09:13,PLACED,East
347,212.0,2024-11-07 00:00:00,RETURNED,West
348,195.0,2024-07-16 21:16:59,DELIVERED,West
349,261.0,2025-05-19 08:14:07,SHIPPED,South
350,188.0,2025-09-06 11:04:33,PLACED,South
351,193.0,2025-10-04 21:32:55,RETURNED,South
352,148.0,2024-08-25 10:47:20,CANCELLED,South
353,5.0,2024-08-08 17:07:10,SHIPPED,West
354,101.0,2025-05-27 10:56:00,CANCELLED,East
355,322.0,2025-08-22 05:32:01,PLACED,East
356,,2024-11-13 22:51:06,PLACED,East
357,61.0,2026-01-27 00:00:00,DELIVERED,West
358,8.0,2026-04-16 23:47:09,DELIVERED,North
359,31.0,2024-07-27 18:13:28,SHIPPED,East
360,257.0,2025-07-20 17:12:39,PLACED,West
361,281.0,2026-02-04 23:49:16,PLACED,North
362,143.0,2025-11-13 13:43:48,RETURNED,South
363,35.0,2026-03-09 01:35:37,DELIVERED,West
364,51.0,2026-10-05 00:00:00,CANCELLED,South
365,497.0,2026-04-08 22:47:50,PLACED,South
366,69.0,2024-07-15 15:02:42,RETURNED,North
367,290.0,2026-03-09 04:47:23,PLACED,East
368,123.0,2025-09-22 04:51:37,RETURNED,South
369,445.0,2025-04-30 13:37:23,PLACED,North
370,225.0,2024-08-10 12:41:22,SHIPPED,East
371,39.0,2025-01-03 03:17:33,SHIPPED,West
372,419.0,2025-10-18 23:38:21,RETURNED,East
373,1.0,2026-01-03 23:33:05,RETURNED,South
374,405.0,2025-02-05 22:26:35,PLACED,South
375,14.0,2024-11-04 12:18:39,RETURNED,East
376,313.0,2025-10-14 21:43:31,DELIVERED,West
377,174.0,2025-11-27 22:20:31,DELIVERED,East
378,88.0,2025-01-14 08:36:48,DELIVERED,South
379,362.0,2025-11-07 17:44:28,SHIPPED,South
380,347.0,2025-12-04 05:33:34,SHIPPED,North
381,211.0,2024-07-22 16:40:18,DELIVERED,East
382,369.0,2025-08-11 00:00:00,PLACED,North
383,485.0,2026-05-05 02:02:59,RETURNED,West
384,376.0,2025-11-17 00:00:00,SHIPPED,South
385,153.0,2026-05-01 02:45:49,DELIVERED,North
386,488.0,2024-07-20 16:21:49,CANCELLED,South
387,46.0,2025-01-20 02:06:18,CANCELLED,South
388,104.0,2025-04-03 15:33:20,DELIVERED,North
389,377.0,2025-05-31 15:29:07,PLACED,South
390,424.0,2025-10-06 23:57:14,SHIPPED,South
391,361.0,2026-02-20 19:27:45,CANCELLED,North
392,275.0,2025-06-29 00:14:50,PLACED,West
393,469.0,2024-10-14 16:09:40,DELIVERED,East
394,473.0,2026-06-29 18:35:50,RETURNED,South
395,472.0,2026-01-17 00:00:00,SHIPPED,South
396,457.0,2026-06-04 07:27:51,CANCELLED,South
397,253.0,2025-11-11 18:50:25,DELIVERED,South
398,329.0,2024-10-08 23:25:54,CANCELLED,North
399,119.0,2026-06-22 10:54:09,DELIVERED,South
400,324.0,2026-02-18 13:04:33,PLACED,South
401,263.0,2024-08-30 15:37:38,DELIVERED,East
402,176.0,2025-06-18 03:36:56,SHIPPED,South
403,221.0,2025-08-30 12:41:26,SHIPPED,South
404,201.0,2026-05-13 14:49:45,CANCELLED,West
405,284.0,2025-06-26 06:33:47,RETURNED,West
406,259.0,2024-11-19 17:51:54,RETURNED,West
407,63.0,2025-05-18 17:07:55,SHIPPED,East
408,195.0,2025-08-07 00:31:02,CANCELLED,South
409,349.0,2025-08-08 21:11:05,CANCELLED,North
410,102.0,2024-11-02 11:51:57,CANCELLED,West
411,,2025-07-06 17:09:39,CANCELLED,East
412,9.0,2026-02-20 10:02:31,PLACED,South
413,39.0,2026-06-30 18:54:17,CANCELLED,East
414,431.0,2026-01-06 12:59:27,RETURNED,West
415,491.0,2026-03-20 21:18:21,SHIPPED,West
416,94.0,2026-01-19 05:06:07,CANCELLED,South
417,27.0,2025-08-25 19:12:42,CANCELLED,West
418,,2026-05-05 18:08:06,CANCELLED,East
419,394.0,2024-10-25 13:16:01,RETURNED,West
420,140.0,2024-12-29 07:27:59,SHIPPED,East
421,329.0,2026-04-13 21:02:55,RETURNED,East
422,289.0,2025-04-17 14:53:58,PLACED,South
423,410.0,2026-01-07 09:21:58,PLACED,North
424,94.0,2024-08-08 12:07:47,DELIVERED,South
425,484.0,2024-11-15 10:27:31,CANCELLED,South
426,398.0,2026-01-03 22:14:46,PLACED,West
427,342.0,2026-03-08 03:11:39,SHIPPED,North
428,10.0,2024-11-25 21:41:07,DELIVERED,North
429,113.0,2026-02-16 07:14:49,CANCELLED,North
430,158.0,2025-01-18 03:55:11,RETURNED,North
431,469.0,2025-08-20 19:13:45,DELIVERED,West
432,376.0,2025-10-16 21:19:05,SHIPPED,South
433,20.0,2025-11-27 04:25:16,DELIVERED,South
434,353.0,2025-12-02 09:19:05,DELIVERED,East
435,,2024-07-28 06:02:51,PLACED,West
436,331.0,2025-09-17 00:04:53,DELIVERED,South
437,390.0,2026-06-03 02:57:10,RETURNED,South
438,127.0,2026-03-14 12:05:13,PLACED,North
439,,2025-07-20 16:03:03,PLACED,East
440,466.0,2025-06-10 21:06:39,CANCELLED,East
441,105.0,2025-12-18 01:31:31,SHIPPED,West
442,222.0,2025-02-11 23:23:47,RETURNED,West
443,,2026-01-06 10:15:45,PLACED,East
444,338.0,2026-03-15 21:55:11,DELIVERED,East
445,262.0,2025-01-02 00:00:00,DELIVERED,West
446,351.0,2025-11-24 00:16:17,CANCELLED,North
447,482.0,2026-01-01 15:21:46,CANCELLED,West
448,494.0,2026-07-08 11:58:09,RETURNED,East
449,174.0,2025-12-05 00:02:28,PLACED,South
450,68.0,2024-11-06 03:53:14,DELIVERED,South
451,214.0,2025-07-12 22:22:29,PLACED,North
452,143.0,2024-10-17 10:01:07,SHIPPED,South
453,388.0,2025-08-09 23:22:23,RETURNED,South
454,445.0,2025-02-05 04:56:11,CANCELLED,North
455,303.0,2026-06-08 21:44:05,SHIPPED,East
456,470.0,2024-09-07 23:09:12,SHIPPED,East
457,253.0,2026-02-15 02:27:59,RETURNED,South
458,470.0,2026-05-25 08:19:19,SHIPPED,East
459,221.0,2025-08-20 05:53:03,DELIVERED,North
460,48.0,2025-09-29 16:47:44,SHIPPED,North
461,216.0,2025-07-09 17:16:07,RETURNED,East
462,497.0,2024-09-06 11:19:39,SHIPPED,North
463,146.0,2025-08-24 11:25:24,DELIVERED,South
464,52.0,2024-08-23 17:11:21,DELIVERED,South
465,52.0,2025-05-04 12:07:28,RETURNED,West
466,297.0,2024-08-08 21:52:13,CANCELLED,North
467,209.0,2026-03-02 04:56:52,PLACED,East
468,28.0,2026-01-02 01:27:22,CANCELLED,East
469,75.0,2025-07-10 22:48:04,CANCELLED,North
470,225.0,2025-02-02 15:04:38,CANCELLED,East
471,413.0,2026-06-05 01:01:54,CANCELLED,East
472,412.0,2025-07-31 22:40:11,CANCELLED,East
473,51.0,2025-04-04 00:58:49,DELIVERED,West
474,456.0,2025-10-21 21:37:36,RETURNED,South
475,425.0,2025-06-25 19:56:02,RETURNED,South
476,73.0,2026-02-21 04:28:24,SHIPPED,West
477,405.0,2026-02-05 00:53:52,CANCELLED,West
478,435.0,2025-07-12 21:00:58,SHIPPED,West
479,,2026-02-17 11:58:00,SHIPPED,East
480,134.0,2024-07-17 11:31:11,CANCELLED,South
481,83.0,2024-12-24 08:09:22,SHIPPED,East
482,424.0,2025-05-31 08:29:47,CANCELLED,South
483,51.0,2025-06-11 02:50:53,DELIVERED,South
484,22.0,2025-10-13 13:55:58,DELIVERED,North
485,173.0,2026-02-10 01:23:22,PLACED,South
486,,2025-07-20 09:02:56,PLACED,East
487,433.0,2026-01-06 01:46:59,CANCELLED,East
488,321.0,2024-10-08 12:34:55,DELIVERED,South
489,281.0,2025-01-04 10:54:02,CANCELLED,North
490,443.0,2025-10-25 09:40:03,SHIPPED,South
491,427.0,2026-05-31 12:40:06,PLACED,South
492,20.0,2025-12-27 08:01:58,SHIPPED,East
493,128.0,2024-10-20 00:00:00,RETURNED,East
494,257.0,2026-03-31 03:53:37,SHIPPED,South
495,91.0,2025-02-05 04:31:13,CANCELLED,South
496,373.0,2024-08-18 15:33:15,PLACED,West
497,218.0,2026-03-16 12:42:07,CANCELLED,West
498,201.0,2026-05-19 01:26:22,RETURNED,South
499,165.0,2025-11-08 12:12:21,CANCELLED,North
500,168.0,2025-12-15 13:19:01,CANCELLED,North
501,77.0,2025-05-25 11:16:04,CANCELLED,West
502,165.0,2024-11-02 10:00:09,DELIVERED,North
503,380.0,2025-10-01 17:04:11,PLACED,North
504,120.0,2025-10-19 00:00:00,RETURNED,West
505,441.0,2025-07-02 08:27:44,RETURNED,East
506,357.0,2024-09-29 01:25:38,CANCELLED,West
507,202.0,2025-11-02 17:02:38,CANCELLED,West
508,362.0,2024-10-18 13:49:09,CANCELLED,North
509,453.0,2024-07-10 09:28:22,SHIPPED,East
510,377.0,2025-11-03 16:40:49,CANCELLED,North
511,149.0,2026-02-12 03:51:30,CANCELLED,South
512,314.0,2025-08-06 14:13:56,SHIPPED,South
513,237.0,2024-12-04 02:16:59,DELIVERED,North
514,,2024-08-01 09:14:05,SHIPPED,South
515,173.0,2025-05-24 22:52:04,RETURNED,West
516,113.0,2026-03-13 09:26:23,SHIPPED,South
517,215.0,2024-11-18 15:55:19,CANCELLED,West
518,451.0,2026-03-28 10:58:01,RETURNED,West
519,195.0,2025-08-23 14:53:10,CANCELLED,East
520,50.0,2026-05-22 09:06:25,CANCELLED,North
521,84.0,2025-05-20 10:56:06,PLACED,South
522,59.0,2025-06-03 07:16:11,CANCELLED,East
523,245.0,2024-11-26 00:13:56,CANCELLED,East
524,475.0,2026-04-01 13:19:25,CANCELLED,East
525,181.0,2025-03-12 07:35:55,DELIVERED,South
526,268.0,2024-10-26 08:21:00,CANCELLED,South
527,128.0,2024-10-04 20:17:04,RETURNED,West
528,350.0,2025-11-28 18:21:45,SHIPPED,East
529,271.0,2024-07-28 18:43:35,SHIPPED,North
530,468.0,2024-10-18 19:02:22,CANCELLED,West
531,357.0,2024-11-19 03:14:49,CANCELLED,East
532,149.0,2025-10-01 16:15:03,PLACED,North
533,428.0,2026-02-18 09:50:33,RETURNED,East
534,215.0,2026-04-01 23:34:36,DELIVERED,East
535,273.0,2026-03-05 20:06:13,SHIPPED,North
536,432.0,2025-02-08 15:00:10,DELIVERED,North
537,221.0,2025-09-07 08:38:45,RETURNED,North
538,305.0,2025-03-30 15:39:53,SHIPPED,South
539,98.0,2024-07-13 02:28:28,SHIPPED,South
540,407.0,2025-08-04 13:48:07,DELIVERED,South
541,248.0,2025-11-11 10:38:48,RETURNED,North
542,451.0,2025-05-12 20:40:18,RETURNED,West
543,113.0,2025-05-18 23:41:08,DELIVERED,North
544,252.0,2024-08-04 11:03:51,CANCELLED,South
545,427.0,2025-11-01 21:27:57,CANCELLED,North
546,444.0,2024-10-26 23:23:18,SHIPPED,West
547,432.0,2024-08-10 16:05:30,CANCELLED,South
548,115.0,2025-03-21 19:39:25,PLACED,East
549,77.0,2025-10-30 21:14:16,SHIPPED,West
550,448.0,2024-08-16 06:20:57,PLACED,South
551,477.0,2025-08-18 09:23:16,SHIPPED,North
552,23.0,2024-07-17 11:41:22,CANCELLED,East
553,,2024-08-28 05:29:59,RETURNED,East
554,45.0,2024-10-24 13:49:46,PLACED,West
555,316.0,2025-02-12 15:17:07,PLACED,North
556,353.0,2026-03-14 00:15:35,CANCELLED,West
557,466.0,2025-05-04 18:41:54,SHIPPED,East
558,242.0,2026-03-17 07:04:25,SHIPPED,East
559,49.0,2024-08-02 19:43:28,CANCELLED,West
560,165.0,2025-12-11 14:39:41,SHIPPED,North
561,50.0,2026-03-23 08:53:45,RETURNED,West
562,,2024-10-04 23:23:18,DELIVERED,West
563,236.0,2026-04-16 02:25:36,DELIVERED,South
564,174.0,2025-08-20 07:52:22,CANCELLED,South
565,73.0,2024-11-22 18:10:00,CANCELLED,North
566,496.0,2025-05-03 08:14:52,DELIVERED,North
567,245.0,2024-11-06 19:54:03,PLACED,South
568,37.0,2026-06-17 17:13:02,PLACED,East
569,211.0,2025-10-01 04:02:34,CANCELLED,South
570,460.0,2026-03-22 13:41:16,PLACED,West
571,176.0,2024-07-13 05:15:31,RETURNED,South
572,33.0,2024-09-30 23:10:10,CANCELLED,North
573,491.0,2025-11-08 15:15:01,DELIVERED,East
574,164.0,2024-08-19 23:24:09,RETURNED,East
575,242.0,2025-06-18 10:10:02,DELIVERED,North
576,52.0,2025-11-30 00:00:00,DELIVERED,West
577,,2025-02-04 18:25:37,RETURNED,East
578,33.0,2026-04-02 06:23:04,SHIPPED,North
579,198.0,2025-12-23 19:50:59,SHIPPED,East
580,164.0,2026-03-11 08:32:12,RETURNED,West
581,369.0,2024-12-02 23:38:18,SHIPPED,West
582,304.0,2025-04-28 00:00:00,SHIPPED,North
583,418.0,2025-03-07 00:20:55,CANCELLED,West
584,178.0,2026-05-08 06:18:10,SHIPPED,East
585,102.0,2025-10-23 12:38:23,PLACED,South
586,407.0,2025-11-17 10:24:45,CANCELLED,West
587,92.0,2025-09-12 10:06:19,RETURNED,West
588,470.0,2026-01-05 19:00:11,DELIVERED,North
589,432.0,2025-03-31 12:16:50,RETURNED,South
590,463.0,2025-12-30 13:37:34,DELIVERED,West
591,5.0,2025-04-04 06:20:14,RETURNED,East
592,15.0,2026-04-04 11:07:02,PLACED,East
593,39.0,2026-05-02 08:13:11,DELIVERED,South
594,181.0,2025-06-28 12:39:08,DELIVERED,North
595,,2025-12-02 17:01:30,CANCELLED,West
596,114.0,2025-09-06 11:28:25,PLACED,West
597,95.0,2026-05-20 02:08:20,RETURNED,South
598,435.0,2026-03-20 08:57:51,DELIVERED,East
599,143.0,2025-05-23 07:10:34,SHIPPED,West
600,429.0,2025-01-27 16:29:42,RETURNED,South
601,366.0,2024-08-10 06:42:04,DELIVERED,South
602,84.0,2025-03-17 11:11:01,SHIPPED,East
603,120.0,2025-10-08 14:11:20,RETURNED,West
604,457.0,2025-12-04 23:41:45,PLACED,North
605,497.0,2025-10-09 01:54:15,RETURNED,West
606,150.0,2025-04-14 06:00:15,CANCELLED,South
607,,2026-05-19 02:34:27,CANCELLED,West
608,,2025-07-28 00:40:03,DELIVERED,South
609,245.0,2024-08-29 03:30:06,SHIPPED,West
610,342.0,2024-10-01 17:47:29,DELIVERED,West
611,91.0,2026-04-25 07:09:57,SHIPPED,South
612,433.0,2024-09-04 02:45:29,SHIPPED,North
613,265.0,2025-11-27 03:19:13,SHIPPED,West
614,239.0,2025-08-10 11:15:21,SHIPPED,North
615,120.0,2025-05-05 14:07:58,RETURNED,North
616,391.0,2026-03-15 19:18:29,PLACED,West
617,95.0,2025-02-26 00:12:33,PLACED,North
618,363.0,2025-02-27 09:42:31,CANCELLED,South
619,362.0,2024-10-24 17:56:39,DELIVERED,North
620,499.0,2025-02-10 22:45:51,PLACED,North
621,83.0,2025-05-27 22:42:22,PLACED,North
622,404.0,2025-01-10 14:11:51,RETURNED,North
623,96.0,2025-02-27 12:16:47,SHIPPED,North
624,166.0,2026-04-30 02:26:36,SHIPPED,South
625,313.0,2025-07-30 09:29:50,CANCELLED,North
626,394.0,2024-10-04 11:53:04,CANCELLED,West
627,32.0,2024-09-27 11:29:44,DELIVERED,North
628,299.0,2024-12-20 06:23:19,PLACED,South
629,473.0,2026-01-08 02:30:34,SHIPPED,North
630,313.0,2025-02-13 00:00:00,RETURNED,North
631,453.0,2024-09-15 18:49:26,SHIPPED,North
632,70.0,2024-12-04 09:21:58,SHIPPED,North
633,427.0,2025-04-23 00:00:00,CANCELLED,North
634,219.0,2025-05-24 16:37:34,DELIVERED,North
635,342.0,2025-01-15 19:44:44,SHIPPED,West
636,415.0,2025-08-22 08:16:26,RETURNED,North
637,18.0,2025-01-13 12:38:12,SHIPPED,East
638,311.0,2026-04-19 20:10:21,RETURNED,West
639,452.0,2025-05-31 21:35:30,DELIVERED,West
640,480.0,2024-08-23 12:26:37,RETURNED,East
641,199.0,2025-04-10 04:06:12,DELIVERED,North
642,355.0,2024-12-31 22:21:24,SHIPPED,North
643,,2025-06-22 19:01:44,RETURNED,South
644,144.0,2025-08-11 05:23:38,PLACED,West
645,,2025-04-24 14:27:30,DELIVERED,North
646,30.0,2024-11-28 16:24:59,SHIPPED,North
647,15.0,2024-12-09 04:27:07,RETURNED,West
648,427.0,2025-05-19 16:08:20,DELIVERED,North
649,306.0,2026-07-06 17:21:03,CANCELLED,North
650,238.0,2024-07-29 00:00:00,PLACED,North
651,62.0,2025-03-13 05:37:17,SHIPPED,East
652,285.0,2025-02-18 08:54:19,PLACED,West
653,69.0,2026-05-14 00:48:41,PLACED,East
654,318.0,2024-12-05 23:36:44,CANCELLED,North
655,480.0,2025-04-21 15:13:53,SHIPPED,West
656,390.0,2025-05-11 13:32:23,RETURNED,South
657,392.0,2025-06-18 22:53:49,PLACED,West
658,34.0,2024-08-02 16:49:47,RETURNED,South
659,49.0,2026-06-24 00:00:00,PLACED,North
660,449.0,2024-08-26 17:19:37,DELIVERED,West
661,70.0,2025-08-20 22:50:10,RETURNED,East
662,247.0,2026-06-15 09:27:46,PLACED,East
663,123.0,2025-04-15 16:51:20,CANCELLED,West
664,52.0,2025-02-09 12:18:31,DELIVERED,West
665,288.0,2025-03-25 08:49:55,DELIVERED,West
666,298.0,2025-07-07 15:57:41,SHIPPED,North
667,79.0,2025-11-29 23:33:49,PLACED,West
668,184.0,2026-04-09 21:24:17,DELIVERED,West
669,366.0,2025-07-31 02:06:38,CANCELLED,North
670,382.0,2025-05-18 13:25:07,SHIPPED,North
671,463.0,2025-01-15 03:13:04,CANCELLED,East
672,223.0,2025-05-09 23:31:17,PLACED,West
673,192.0,2026-05-20 20:15:05,RETURNED,West
674,347.0,2024-08-23 13:27:10,RETURNED,East
675,131.0,2025-02-14 20:04:40,PLACED,South
676,398.0,2025-12-12 13:46:33,RETURNED,North
677,411.0,2025-10-16 05:55:07,PLACED,West
678,81.0,2024-06-11 00:00:00,DELIVERED,East
679,400.0,2024-11-03 21:32:09,CANCELLED,North
680,436.0,2025-01-16 11:30:01,DELIVERED,North
681,392.0,2024-08-24 02:54:05,SHIPPED,East
682,193.0,2025-03-19 18:27:31,PLACED,South
683,474.0,2025-12-30 19:45:25,CANCELLED,South
684,230.0,2025-02-22 20:47:02,PLACED,West
685,20.0,2024-11-15 03:26:31,RETURNED,East
686,415.0,2026-07-02 06:47:07,SHIPPED,North
687,384.0,2026-02-18 13:41:20,DELIVERED,North
688,65.0,2024-10-09 20:54:20,DELIVERED,East
689,1.0,2026-01-09 07:09:34,SHIPPED,East
690,4.0,2025-12-23 13:51:56,CANCELLED,East
691,263.0,2026-02-19 04:55:32,PLACED,South
692,272.0,2024-09-17 01:40:56,SHIPPED,South
693,58.0,2026-06-14 13:03:28,DELIVERED,East
694,356.0,2026-04-01 08:34:36,SHIPPED,North
695,293.0,2024-10-02 02:51:09,SHIPPED,East
696,128.0,2024-10-13 03:22:21,PLACED,South
697,140.0,2026-01-05 21:05:14,DELIVERED,South
698,260.0,2024-10-01 05:50:07,CANCELLED,West
699,374.0,2026-02-21 04:18:55,CANCELLED,East
700,375.0,2026-02-23 19:05:10,PLACED,East
701,313.0,2025-05-08 16:34:43,CANCELLED,West
702,407.0,2025-03-20 23:59:22,RETURNED,North
703,173.0,2025-08-15 08:16:10,SHIPPED,West
704,255.0,2026-03-09 02:17:19,SHIPPED,South
705,251.0,2024-08-13 21:58:19,SHIPPED,South
706,438.0,2025-05-03 10:09:01,SHIPPED,West
707,450.0,2024-11-11 22:20:14,RETURNED,South
708,477.0,2024-09-15 23:02:41,PLACED,West
709,409.0,2025-05-07 00:00:00,PLACED,South
710,201.0,2025-05-25 17:32:07,DELIVERED,East
711,349.0,2026-01-02 17:21:20,RETURNED,North
712,87.0,2025-09-23 22:28:37,SHIPPED,South
713,148.0,2026-04-17 01:08:53,DELIVERED,North
714,381.0,2025-03-14 08:14:35,RETURNED,North
715,161.0,2025-07-28 14:00:34,PLACED,West
716,126.0,2024-12-10 06:12:49,DELIVERED,East
717,5.0,2025-07-01 00:00:00,DELIVERED,North
718,,2024-07-26 00:28:17,PLACED,West
719,393.0,2026-07-09 08:21:11,DELIVERED,North
720,1.0,2025-11-10 09:39:13,RETURNED,South
721,287.0,2025-12-21 07:22:53,SHIPPED,East
722,58.0,2025-03-14 03:29:50,PLACED,North
723,486.0,2026-03-08 02:28:25,CANCELLED,West
724,15.0,2026-06-07 06:18:33,SHIPPED,West
725,462.0,2026-02-23 15:11:57,DELIVERED,West
726,244.0,2026-03-27 04:29:11,CANCELLED,East
727,391.0,2025-05-28 08:36:57,SHIPPED,South
728,308.0,2025-09-24 21:41:41,CANCELLED,West
729,,2024-12-26 00:00:00,PLACED,South
730,57.0,2025-12-29 00:46:48,CANCELLED,South
731,,2026-03-10 09:18:26,CANCELLED,North
732,101.0,2024-10-07 06:38:18,CANCELLED,South
733,450.0,2025-12-09 15:10:50,DELIVERED,North
734,378.0,2024-07-24 03:10:24,PLACED,South
735,159.0,2026-06-14 16:49:10,SHIPPED,South
736,36.0,2025-08-08 00:00:00,RETURNED,East
737,337.0,2025-06-03 04:28:54,CANCELLED,South
738,,2026-04-22 06:07:45,DELIVERED,West
739,36.0,2026-01-10 01:30:13,CANCELLED,South
740,82.0,2025-02-19 17:17:06,RETURNED,South
741,94.0,2026-04-09 13:32:31,RETURNED,West
742,106.0,2025-01-09 14:56:59,DELIVERED,North
743,109.0,2025-10-15 23:52:38,CANCELLED,South
744,16.0,2026-04-15 06:29:01,SHIPPED,West
745,392.0,2025-06-28 13:48:50,PLACED,East
746,242.0,2024-09-05 06:48:28,CANCELLED,East
747,63.0,2026-02-19 02:29:52,PLACED,West
748,285.0,2024-10-06 21:36:54,CANCELLED,North
749,303.0,2024-10-06 02:43:15,SHIPPED,West
750,193.0,2024-09-14 00:47:43,PLACED,East
751,55.0,2025-05-17 05:06:09,RETURNED,East
752,378.0,2025-08-28 00:00:00,DELIVERED,East
753,7.0,2024-08-11 21:07:53,PLACED,South
754,64.0,2025-11-30 14:09:06,CANCELLED,North
755,387.0,2025-03-24 02:38:51,PLACED,South
756,4.0,2024-10-11 14:32:19,DELIVERED,North
757,303.0,2024-08-23 10:47:58,RETURNED,North
758,430.0,2025-01-06 02:28:07,RETURNED,North
759,352.0,2025-02-25 23:15:09,RETURNED,West
760,312.0,2025-01-03 11:55:15,CANCELLED,West
761,163.0,2025-02-09 08:38:03,DELIVERED,North
762,85.0,2025-04-25 04:04:08,RETURNED,West
763,288.0,2024-09-22 22:12:49,PLACED,West
764,459.0,2026-01-31 22:37:53,PLACED,West
765,180.0,2025-08-07 01:56:06,SHIPPED,West
766,159.0,2026-02-24 07:35:09,PLACED,East
767,484.0,2026-05-24 02:30:03,RETURNED,South
768,248.0,2024-12-24 16:28:51,DELIVERED,West
769,431.0,2025-04-29 15:07:32,CANCELLED,South
770,394.0,2026-06-29 17:51:14,RETURNED,West
771,,2025-08-12 19:33:05,SHIPPED,North
772,284.0,2025-08-24 12:40:52,RETURNED,West
773,21.0,2025-08-25 02:13:30,PLACED,East
774,436.0,2025-08-05 21:27:26,SHIPPED,South
775,74.0,2024-08-12 20:30:56,PLACED,West
776,279.0,2025-01-17 12:45:13,DELIVERED,South
777,62.0,2026-03-22 14:10:23,SHIPPED,South
778,15.0,2025-03-13 10:19:06,SHIPPED,East
779,167.0,2025-11-03 23:48:00,DELIVERED,West
780,160.0,2025-10-23 10:20:44,CANCELLED,North
781,116.0,2026-04-07 08:23:58,CANCELLED,East
782,,2026-03-03 02:01:28,DELIVERED,South
783,3.0,2025-10-20 11:15:04,DELIVERED,West
784,247.0,2026-05-05 13:35:44,RETURNED,South
785,301.0,2025-06-17 08:30:39,DELIVERED,South
786,251.0,2025-07-02 03:36:21,DELIVERED,West
787,417.0,2025-01-21 00:00:00,DELIVERED,West
788,180.0,2026-01-17 00:34:34,CANCELLED,South
789,209.0,2025-10-12 06:40:29,DELIVERED,North
790,85.0,2025-03-10 00:00:00,PLACED,South
791,292.0,2024-08-16 23:35:55,PLACED,South
792,448.0,2026-04-28 05:37:25,DELIVERED,East
793,243.0,2026-05-16 23:49:24,DELIVERED,West
794,118.0,2026-05-22 16:59:53,CANCELLED,East
795,225.0,2024-11-10 01:00:39,DELIVERED,South
796,201.0,2025-03-08 15:38:02,SHIPPED,East
797,315.0,2025-11-22 03:45:30,DELIVERED,North
798,179.0,2026-02-23 09:41:26,PLACED,North
799,450.0,2026-04-28 16:47:25,RETURNED,East
800,115.0,2024-09-08 18:28:39,RETURNED,North
801,320.0,2026-05-06 01:25:09,PLACED,South
802,233.0,2026-03-19 07:55:35,RETURNED,North
803,269.0,2025-09-10 09:34:52,DELIVERED,South
804,160.0,2024-09-25 05:20:05,SHIPPED,South
805,255.0,2024-09-26 19:49:34,SHIPPED,South
806,176.0,2025-02-02 16:02:17,CANCELLED,North
807,283.0,2025-01-26 00:21:07,SHIPPED,East
808,155.0,2026-06-04 00:31:18,RETURNED,South
809,41.0,2025-12-02 13:07:41,SHIPPED,East
810,302.0,2025-09-19 17:13:00,RETURNED,South
811,499.0,2024-11-26 07:11:46,SHIPPED,East
812,,2024-07-31 00:00:00,SHIPPED,North
813,255.0,2025-01-13 05:49:28,CANCELLED,West
814,392.0,2026-03-18 11:21:39,PLACED,South
815,472.0,2024-08-15 19:20:35,RETURNED,West
816,436.0,2024-12-08 02:29:13,SHIPPED,South
817,166.0,2026-04-15 03:26:08,PLACED,North
818,166.0,2025-05-14 05:51:31,SHIPPED,East
819,400.0,2025-10-09 17:08:19,SHIPPED,West
820,67.0,2024-12-04 00:49:06,DELIVERED,South
821,481.0,2025-06-27 10:52:26,SHIPPED,West
822,387.0,2025-02-11 17:24:57,DELIVERED,South
823,144.0,2026-04-06 05:15:37,RETURNED,North
824,118.0,2024-10-31 22:42:08,PLACED,West
825,272.0,2025-01-31 18:07:15,RETURNED,South
826,23.0,2026-06-14 15:47:42,RETURNED,West
827,206.0,2025-09-21 18:14:47,CANCELLED,East
828,156.0,2026-07-02 12:23:33,CANCELLED,South
829,34.0,2024-08-27 17:55:19,PLACED,West
830,54.0,2024-12-03 04:30:56,CANCELLED,East
831,313.0,2025-08-21 04:18:15,SHIPPED,East
832,423.0,2025-05-17 10:03:37,DELIVERED,West
833,7.0,2025-03-30 06:29:37,SHIPPED,East
834,53.0,2026-04-25 11:48:39,RETURNED,West
835,148.0,2026-05-18 17:33:45,RETURNED,South
836,480.0,2026-01-10 23:34:54,SHIPPED,East
837,108.0,2024-07-14 19:47:35,RETURNED,West
838,175.0,2025-04-14 21:20:13,RETURNED,West
839,334.0,2025-09-27 07:00:51,DELIVERED,South
840,465.0,2024-08-29 16:08:43,RETURNED,South
841,76.0,2024-11-04 13:34:53,RETURNED,North
842,58.0,2025-06-25 15:47:04,RETURNED,East
843,137.0,2024-09-04 17:26:24,RETURNED,South
844,311.0,2025-10-19 11:37:15,SHIPPED,North
845,285.0,2025-10-04 14:33:45,DELIVERED,South
846,232.0,2025-01-08 05:52:28,RETURNED,South
847,52.0,2026-02-10 08:30:51,CANCELLED,North
848,1.0,2025-11-04 18:01:46,DELIVERED,North
849,461.0,2025-02-11 23:02:11,DELIVERED,West
850,71.0,2025-09-05 11:48:45,CANCELLED,West
851,377.0,2026-06-13 14:13:03,SHIPPED,South
852,208.0,2024-11-21 07:50:46,SHIPPED,West
853,25.0,2025-11-27 03:00:25,PLACED,East
854,436.0,2026-05-18 02:15:40,SHIPPED,East
855,393.0,2026-04-19 12:20:26,SHIPPED,East
856,407.0,2026-03-06 20:34:05,SHIPPED,South
857,15.0,2025-06-12 01:38:29,CANCELLED,East
858,159.0,2025-01-17 13:37:52,SHIPPED,East
859,228.0,2026-06-21 23:10:27,DELIVERED,East
860,441.0,2024-11-17 22:22:40,RETURNED,South
861,99.0,2026-03-17 10:11:26,RETURNED,South
862,401.0,2025-01-21 18:53:17,CANCELLED,North
863,197.0,2026-06-07 19:52:43,PLACED,South
864,41.0,2025-11-07 16:42:24,DELIVERED,West
865,370.0,2024-11-04 17:29:45,DELIVERED,West
866,345.0,2024-08-15 10:38:19,CANCELLED,West
867,357.0,2025-08-17 13:34:18,DELIVERED,East
868,88.0,2025-01-21 05:12:42,CANCELLED,West
869,114.0,2025-01-19 05:41:18,DELIVERED,West
870,40.0,2025-12-15 13:45:55,PLACED,South
871,446.0,2025-02-03 02:42:03,DELIVERED,South
872,249.0,2026-06-19 17:01:52,DELIVERED,West
873,121.0,2025-11-17 04:13:28,SHIPPED,East
874,34.0,2025-12-31 07:29:37,PLACED,North
875,363.0,2025-02-04 17:54:46,SHIPPED,East
876,316.0,2025-07-01 02:39:12,PLACED,West
877,398.0,2024-11-19 12:47:02,RETURNED,South
878,364.0,2026-06-23 12:14:07,DELIVERED,East
879,468.0,2026-04-19 13:32:39,CANCELLED,South
880,53.0,2025-11-10 09:23:02,SHIPPED,West
881,119.0,2026-03-21 03:08:06,RETURNED,East
882,,2024-07-20 22:48:21,PLACED,East
883,168.0,2024-08-06 10:10:27,CANCELLED,North
884,254.0,2024-10-03 16:30:35,CANCELLED,East
885,258.0,2025-02-28 04:47:06,RETURNED,West
886,347.0,2025-05-22 00:00:00,DELIVERED,South
887,74.0,2025-09-17 04:07:34,CANCELLED,East
888,180.0,2026-06-15 20:05:11,CANCELLED,South
889,,2025-07-08 22:40:44,DELIVERED,West
890,305.0,2026-04-26 02:29:02,CANCELLED,East
891,152.0,2024-12-12 12:29:41,SHIPPED,South
892,302.0,2026-03-11 06:39:03,SHIPPED,South
893,176.0,2025-06-28 09:46:26,DELIVERED,East
894,18.0,2026-01-21 10:53:14,PLACED,North
895,303.0,2025-08-11 09:53:09,SHIPPED,West
896,,2025-12-19 20:12:55,RETURNED,South
897,,2025-12-08 17:16:33,DELIVERED,East
898,480.0,2025-08-09 06:32:23,DELIVERED,West
899,281.0,2024-11-12 20:38:03,CANCELLED,East
900,29.0,2025-05-10 13:26:23,DELIVERED,West
901,172.0,2024-07-22 21:24:04,SHIPPED,West
902,498.0,2025-03-22 21:44:10,RETURNED,North
903,236.0,2026-03-30 09:56:15,DELIVERED,East
904,,2024-10-09 06:31:15,CANCELLED,East
905,193.0,2026-01-03 10:16:31,DELIVERED,East
906,3.0,2024-12-29 17:30:52,RETURNED,West
907,491.0,2025-03-13 19:07:33,SHIPPED,East
908,262.0,2024-12-16 02:26:40,CANCELLED,South
909,385.0,2024-10-29 23:17:33,SHIPPED,North
910,,2024-11-06 15:20:32,PLACED,West
911,488.0,2026-02-01 18:05:32,CANCELLED,North
912,478.0,2024-09-25 14:03:10,DELIVERED,East
913,332.0,2024-08-29 07:19:37,DELIVERED,North
914,208.0,2025-10-31 03:50:47,CANCELLED,East
915,156.0,2026-01-01 00:00:00,DELIVERED,North
916,457.0,2025-07-22 00:00:00,SHIPPED,North
917,26.0,2024-08-27 21:47:10,SHIPPED,North
918,439.0,2024-11-23 04:04:50,CANCELLED,West
919,334.0,2025-02-11 00:00:00,DELIVERED,East
920,393.0,2025-11-01 09:07:34,CANCELLED,East
921,496.0,2024-07-17 20:40:38,PLACED,East
922,362.0,2024-09-14 04:07:50,PLACED,North
923,277.0,2024-10-02 15:49:53,SHIPPED,South
924,449.0,2025-07-26 18:16:41,PLACED,South
925,409.0,2026-03-01 19:24:24,DELIVERED,East
926,241.0,2024-09-06 00:54:02,CANCELLED,West
927,360.0,2025-11-16 11:21:26,SHIPPED,North
928,342.0,2026-03-30 20:24:39,RETURNED,West
929,115.0,2026-04-18 16:22:40,PLACED,West
930,420.0,2024-11-17 13:16:43,CANCELLED,South
931,356.0,2025-06-11 14:57:59,RETURNED,West
932,189.0,2026-01-02 14:07:47,CANCELLED,North
933,149.0,2024-10-11 05:09:56,PLACED,East
934,393.0,2025-08-05 18:23:23,RETURNED,West
935,376.0,2024-11-08 20:19:57,CANCELLED,West
936,415.0,2024-11-05 01:41:13,DELIVERED,South
937,281.0,2025-10-01 00:00:00,CANCELLED,East
938,281.0,2025-10-03 14:38:28,DELIVERED,South
939,,2024-09-02 11:59:49,SHIPPED,South
940,390.0,2025-12-11 16:12:05,RETURNED,East
941,63.0,2025-04-21 10:38:27,DELIVERED,East
942,493.0,2025-10-03 00:37:43,DELIVERED,North
943,264.0,2025-06-16 22:07:36,DELIVERED,West
944,181.0,2025-08-25 04:41:02,DELIVERED,East
945,323.0,2026-01-08 06:32:39,PLACED,North
946,313.0,2026-05-05 09:39:23,SHIPPED,East
947,103.0,2026-07-04 19:18:30,SHIPPED,North
948,490.0,2026-03-16 12:40:41,PLACED,South
949,34.0,2025-04-24 23:08:23,RETURNED,West
950,477.0,2024-11-03 03:14:09,CANCELLED,East
951,359.0,2024-09-01 18:25:14,RETURNED,North
952,350.0,2024-09-14 12:58:34,RETURNED,North
953,225.0,2026-02-15 15:20:11,DELIVERED,East
954,277.0,2024-12-01 08:26:43,SHIPPED,North
955,25.0,2025-12-07 18:51:15,RETURNED,South
956,,2024-07-18 23:03:32,SHIPPED,North
957,75.0,2025-10-30 14:26:07,SHIPPED,South
958,313.0,2024-08-24 18:27:58,DELIVERED,East
959,334.0,2024-07-12 11:52:26,SHIPPED,North
960,435.0,2026-02-18 00:00:00,SHIPPED,East
961,425.0,2025-12-20 06:25:33,SHIPPED,East
962,224.0,2026-03-10 00:43:19,SHIPPED,West
963,,2025-11-11 06:48:01,SHIPPED,West
964,382.0,2025-09-21 04:44:06,CANCELLED,South
965,387.0,2026-04-08 19:22:31,PLACED,East
966,421.0,2024-08-04 20:01:24,PLACED,West
967,41.0,2025-04-04 12:53:32,DELIVERED,South
968,65.0,2025-04-17 15:23:37,CANCELLED,West
969,164.0,2025-01-31 15:46:26,PLACED,South
970,50.0,2024-08-31 23:29:57,DELIVERED,North
971,479.0,2025-07-18 22:21:36,CANCELLED,West
972,331.0,2025-01-07 16:15:16,DELIVERED,East
973,316.0,2024-07-13 00:00:00,PLACED,South
974,369.0,2025-01-02 11:30:22,SHIPPED,West
975,64.0,2024-08-09 00:00:00,SHIPPED,East
976,469.0,2025-01-08 21:54:59,RETURNED,East
977,20.0,2025-04-26 04:52:18,SHIPPED,West
978,328.0,2024-09-19 01:58:24,PLACED,North
979,404.0,2025-10-13 01:56:45,DELIVERED,South
980,395.0,2025-04-29 19:04:42,DELIVERED,East
981,431.0,2024-10-06 13:46:06,DELIVERED,South
982,150.0,2025-07-01 21:13:19,CANCELLED,East
983,354.0,2024-10-16 11:20:13,CANCELLED,East
984,221.0,2026-02-11 07:51:24,DELIVERED,West
985,158.0,2024-09-29 09:46:53,SHIPPED,North
986,190.0,2026-03-12 19:15:32,SHIPPED,North
987,451.0,2025-05-16 05:54:35,PLACED,West
988,453.0,2025-06-25 03:27:15,CANCELLED,North
989,70.0,2026-04-17 02:22:49,PLACED,East
990,348.0,2026-02-06 20:24:15,PLACED,East
991,259.0,2025-02-09 13:39:03,CANCELLED,North
992,496.0,2024-10-29 18:26:14,SHIPPED,South
993,323.0,2024-08-09 01:21:32,SHIPPED,North
994,199.0,2025-09-21 00:00:00,PLACED,West
995,344.0,2024-09-19 15:32:20,CANCELLED,South
996,313.0,2025-01-20 04:22:41,PLACED,East
997,363.0,2026-05-15 00:00:00,CANCELLED,South
998,485.0,2024-09-10 06:33:49,CANCELLED,North
999,230.0,2024-08-29 22:20:52,CANCELLED,East
1000,468.0,2025-09-18 00:35:22,DELIVERED,South
