item_id,order_id,product_id,quantity,unit_price,discount_percent
1,242,335,4,9703.0,14
2,257,461,1,11476.6,6
3,290,389,3,4233.26,8
4,97,298,5,6591.14,45
5,940,190,1,11618.9,41
6,507,444,5,13460.83,34
7,525,240,2,3017.83,27
8,300,461,4,3316.06,8
9,116,403,1,12437.37,35
10,245,419,3,11405.03,18
11,772,232,4,1251.86,27
12,935,496,5,5311.15,24
13,441,499,4,10704.56,13
14,545,429,1,266.59,24
15,609,40,4,1182.3,29
16,183,225,3,12363.9,31
17,684,492,5,1130.19,9
18,582,6,1,9724.17,23
19,329,323,5,8923.16,17
20,450,32,3,3601.13,21
21,884,17,5,3339.62,34
22,830,198,5,13171.67,43
23,465,497,5,3787.2,40
24,328,199,3,12586.87,31
25,299,318,4,361.68,17
26,300,435,1,10905.3,5
27,113,12,1,10420.62,7
28,356,418,3,2265.85,40
29,108,36,5,4447.93,0
30,674,327,1,5190.21,16
31,697,184,3,11953.13,29
32,988,4,5,12160.09,33
33,99,350,3,796.38,6
34,821,324,1,14565.45,23
35,195,354,1,12101.8,27
36,5,347,4,10294.4,49
37,474,184,5,4462.17,18
38,754,336,5,9534.05,7
39,304,198,1,3643.9,14
40,172,32,3,14115.47,38
41,36,283,1,2653.11,43
42,268,383,5,9024.36,17
43,657,84,3,7823.88,50
44,93,44,4,8913.87,7
45,145,454,5,315.57,10
46,450,66,2,3022.87,45
47,629,108,4,4530.63,38
48,176,478,5,11228.3,4
49,211,277,3,10759.73,14
50,285,440,1,5945.48,11
51,990,146,3,5067.04,10
52,903,438,3,579.24,18
53,520,185,4,10226.3,2
54,901,234,2,6266.89,8
55,313,190,5,2634.49,33
56,111,406,5,8848.68,33
57,192,123,1,2033.05,42
58,858,135,1,13895.54,37
59,215,280,3,13102.29,33
60,632,205,3,13412.47,31
61,445,22,2,12557.39,9
62,147,104,2,5942.21,27
63,798,25,4,6492.17,42
64,168,357,4,3330.04,41
65,117,64,3,11400.33,34
66,344,18,3,4776.55,20
67,576,42,4,2380.66,49
68,244,453,2,10616.64,9
69,771,242,4,6844.05,25
70,785,414,3,13536.88,4
71,894,256,5,11954.18,7
72,117,127,4,13052.99,0
73,791,135,3,1766.35,40
74,196,491,5,8077.33,24
75,178,289,1,14328.02,7
76,574,33,3,10320.34,41
77,12,360,3,7188.2,26
78,529,326,4,4192.13,49
79,421,195,3,11510.65,18
80,910,114,4,6736.63,50
81,544,233,1,4161.38,17
82,61,197,3,12405.82,16
83,71,463,4,4181.79,26
84,915,265,4,13259.05,31
85,542,89,3,3118.96,20
86,297,82,3,13098.97,2
87,391,228,1,13703.62,34
88,649,239,2,6469.99,36
89,368,110,4,7647.64,35
90,16,400,5,7966.18,31
91,906,447,3,14054.92,42
92,570,50,2,11881.51,30
93,370,23,2,10225.98,5
94,985,433,4,8790.61,30
95,164,434,3,11346.93,6
96,674,133,3,11257.22,8
97,409,214,5,10230.2,25
98,614,18,5,9391.65,48
99,167,413,3,10183.71,37
100,183,452,2,11769.77,2
101,774,17,5,14006.13,14
102,287,20,1,13166.93,19
103,392,492,3,6677.59,28
104,356,107,1,13847.73,19
105,777,469,4,9770.12,15
106,780,74,1,5058.89,33
107,748,276,3,2327.31,6
108,775,179,3,13514.6,21
109,739,208,3,6896.02,42
110,248,144,5,6617.45,19
111,5,108,2,13574.68,26
112,760,33,4,8418.64,6
113,415,435,3,11254.57,50
114,645,372,3,12701.04,24
115,411,315,5,790.77,0
116,160,487,5,9718.55,29
117,541,329,3,5616.03,20
118,285,141,5,13782.78,50
119,697,305,3,3655.04,34
120,670,201,5,5864.99,4
121,916,53,2,6571.62,38
122,397,461,1,10281.09,4
123,208,323,2,2164.28,6
124,838,55,2,2773.01,19
125,823,467,4,14573.37,24
126,214,61,4,5686.69,15
127,65,341,2,11204.03,25
128,24,462,1,3828.09,33
129,867,500,2,6920.28,12
130,824,433,5,10695.58,5
131,969,177,1,6164.22,29
132,598,440,2,13096.93,24
133,304,110,1,11571.85,10
134,878,104,4,11336.04,0
135,791,306,4,14037.61,9
136,711,419,5,8046.86,17
137,120,28,3,4586.66,3
138,307,196,2,13334.09,9
139,951,48,3,8367.23,41
140,660,485,4,13718.87,44
141,529,57,4,3471.43,20
142,379,310,4,5329.48,22
143,5,327,3,5664.69,4
144,225,487,4,767.15,4
145,760,55,3,7936.14,10
146,341,41,5,8639.02,6
147,138,54,4,616.55,47
148,990,486,4,9632.64,36
149,603,283,4,733.16,9
150,940,76,1,13084.3,20
151,313,481,5,2389.01,47
152,328,497,3,14350.52,10
153,362,335,4,5355.99,11
154,890,325,2,13599.19,15
155,584,401,1,10429.98,32
156,883,348,5,6715.08,26
157,843,363,2,1939.86,13
158,850,345,2,4426.5,45
159,594,118,3,6011.85,40
160,257,475,3,7702.93,20
161,437,230,4,12683.61,47
162,11,141,3,3358.36,7
163,164,269,5,1413.03,39
164,76,348,3,3492.88,4
165,255,413,1,4243.39,27
166,937,402,2,3685.83,22
167,430,429,2,1343.94,38
168,196,322,1,8457.98,7
169,743,397,2,5609.45,20
170,995,50,3,7960.94,36
171,712,332,5,12385.48,31
172,89,38,2,10443.86,1
173,700,444,5,10234.37,38
174,133,236,1,8736.23,18
175,894,68,5,12541.95,37
176,308,195,3,7109.32,41
177,640,397,3,14001.75,43
178,715,478,3,10872.89,22
179,656,306,4,7106.26,38
180,334,229,4,2426.89,47
181,521,204,5,5830.16,50
182,882,262,1,12627.51,15
183,334,308,3,11534.29,22
184,767,389,4,11431.66,4
185,214,54,2,5083.37,45
186,672,389,5,12137.86,14
187,355,469,2,3500.43,48
188,406,218,5,8838.77,20
189,494,25,2,1511.02,34
190,51,299,2,9161.3,31
191,227,318,1,12012.69,34
192,31,123,4,4548.92,22
193,969,462,3,4021.2,35
194,647,107,4,397.52,43
195,408,448,5,7612.01,46
196,375,225,1,7098.69,42
197,476,423,4,8074.57,25
198,875,162,3,13715.22,16
199,54,39,5,12800.71,30
200,997,61,5,13718.62,21
201,201,163,3,3190.05,4
202,967,276,3,5823.02,30
203,856,397,1,10528.42,7
204,285,466,1,10204.48,9
205,132,146,4,9519.63,31
206,546,244,3,4867.97,14
207,662,120,5,8063.22,27
208,137,178,1,6719.42,29
209,408,64,4,10526.13,44
210,537,101,5,3075.59,20
211,288,71,2,8878.73,48
212,310,115,2,7536.01,17
213,84,394,2,1809.65,3
214,843,324,3,12298.91,35
215,836,378,4,12744.34,45
216,675,287,3,7576.68,50
217,996,95,1,11416.27,35
218,722,351,4,3437.58,38
219,891,445,4,7266.64,13
220,186,97,1,10184.47,40
221,835,316,2,14396.87,3
222,8,435,1,7112.01,50
223,735,221,1,1082.88,0
224,446,390,2,12488.46,38
225,710,318,1,4187.58,22
226,175,484,1,3703.33,48
227,957,79,1,5312.34,21
228,208,346,2,10154.32,3
229,69,338,5,7040.41,40
230,557,315,3,6168.49,27
231,807,222,4,5954.54,34
232,807,443,4,6020.96,32
233,948,411,5,12812.41,32
234,995,440,5,2337.74,14
235,354,337,3,8686.34,40
236,875,435,3,8107.37,21
237,291,121,1,2751.79,6
238,421,419,4,11577.59,28
239,619,442,3,4893.62,13
240,92,317,3,10805.9,36
241,516,148,1,1610.83,22
242,152,234,4,1152.37,37
243,955,99,4,1859.91,38
244,774,189,3,6125.34,14
245,651,77,5,8167.64,33
246,141,341,4,12182.51,17
247,259,313,2,2550.84,47
248,519,158,1,5726.9,25
249,695,2,2,12074.48,31
250,860,42,1,6484.96,17
251,910,479,2,3928.6,36
252,242,358,2,10932.35,44
253,686,335,3,9942.21,0
254,512,377,3,6594.37,27
255,199,45,2,6467.32,19
256,170,166,2,2350.11,35
257,213,121,4,6646.01,49
258,168,14,2,6548.27,25
259,618,93,5,8669.16,21
260,25,302,1,14114.98,21
261,235,32,4,10130.36,23
262,981,331,3,4462.91,48
263,981,485,4,2283.99,14
264,681,311,2,14934.2,21
265,801,78,3,11841.94,8
266,278,337,2,4849.59,33
267,618,137,5,13814.01,34
268,661,436,1,2872.25,45
269,574,295,2,2336.73,12
270,429,473,4,9037.16,38
271,537,181,2,5492.0,12
272,816,167,3,1589.3,15
273,50,427,1,13284.21,0
274,97,401,3,9337.75,8
275,586,150,3,11460.8,36
276,375,198,3,14012.88,13
277,329,280,1,11066.74,11
278,791,127,4,10249.02,45
279,460,259,1,7170.09,15
280,142,262,3,3431.59,35
281,853,348,5,6075.84,38
282,167,165,1,9572.96,17
283,722,348,3,13272.92,25
284,397,207,1,1339.82,31
285,690,283,3,1805.87,11
286,788,486,2,5297.69,44
287,534,129,5,11914.96,6
288,1,403,4,668.67,17
289,932,472,5,9503.53,35
290,371,496,5,2701.3,13
291,802,404,1,11401.05,3
292,14,101,1,1518.04,41
293,70,363,2,247.76,18
294,360,15,5,9318.49,26
295,210,103,2,5471.93,42
296,872,236,2,7234.09,34
297,572,163,2,1503.9,32
298,638,438,1,8408.87,13
299,74,482,2,11738.37,8
300,795,102,3,11830.63,24
301,758,443,5,11358.76,23
302,41,371,4,4216.95,3
303,603,409,4,5208.63,39
304,148,134,4,1879.22,22
305,884,94,3,5123.97,40
306,718,349,5,1764.13,2
307,173,85,1,9628.61,2
308,457,278,2,10096.87,40
309,630,102,2,2655.4,24
310,152,496,4,5338.44,13
311,577,59,5,1639.24,16
312,287,336,2,10599.24,34
313,34,340,4,11350.75,25
314,711,104,3,8870.2,30
315,212,282,4,14918.22,46
316,63,441,4,9811.68,39
317,596,149,3,12692.57,12
318,1000,108,2,6050.3,49
319,982,205,4,14281.24,32
320,346,257,4,7709.95,21
321,298,397,4,7276.22,17
322,114,456,2,3088.01,34
323,115,121,3,4823.67,29
324,155,367,5,4949.76,6
325,769,3,2,8341.64,12
326,486,458,4,11688.66,33
327,117,52,1,12578.71,44
328,110,466,4,9132.25,6
329,165,339,4,5489.99,45
330,688,493,1,9923.84,3
331,468,25,3,13610.8,40
332,399,207,2,342.95,13
333,708,130,4,14976.49,11
334,790,287,5,3286.15,35
335,744,314,3,13439.51,21
336,803,263,4,6092.37,36
337,119,403,4,13830.75,33
338,547,278,1,9335.6,41
339,426,259,4,13442.59,20
340,452,473,4,10173.37,50
341,272,266,3,14507.07,49
342,838,289,1,14250.89,47
343,998,65,3,11433.38,42
344,899,460,3,13388.74,32
345,119,243,2,985.56,30
346,785,441,2,3098.19,40
347,798,386,1,6674.79,14
348,837,76,5,11226.43,9
349,415,250,2,233.95,38
350,303,197,5,12611.13,1
351,118,483,1,13003.31,33
352,568,292,2,574.5,18
353,521,88,4,3341.87,10
354,45,345,5,5222.67,45
355,322,257,5,11523.44,1
356,758,267,5,11810.61,47
357,580,225,2,2171.5,28
358,223,432,2,7834.02,47
359,451,58,1,3366.14,8
360,782,449,2,14991.86,13
361,981,111,1,4159.25,11
362,905,419,5,13667.95,6
363,509,333,4,12732.9,40
364,442,443,2,4916.39,41
365,461,344,4,621.87,9
366,800,288,5,10158.52,9
367,20,491,1,13480.53,16
368,304,435,2,11755.0,42
369,514,92,4,6128.45,43
370,528,457,5,1791.07,3
371,160,426,4,6197.53,2
372,73,8,2,3203.57,16
373,994,285,5,7442.22,5
374,621,375,4,2129.15,15
375,611,397,3,3076.86,30
376,537,296,4,377.32,27
377,68,381,3,6257.56,35
378,167,333,5,9227.39,15
379,351,485,3,13042.46,26
380,275,211,5,8757.24,26
381,172,349,1,14792.03,37
382,244,346,1,980.21,6
383,788,210,2,1758.4,42
384,89,275,3,7010.93,27
385,495,26,5,1610.03,16
386,847,406,4,2190.5,13
387,459,155,1,7310.62,38
388,992,151,2,2085.28,20
389,245,398,3,5788.17,6
390,183,265,4,11273.98,38
391,449,145,4,11745.89,45
392,288,122,4,5012.03,42
393,392,475,2,11604.16,50
394,894,143,4,753.26,10
395,377,157,1,10731.83,38
396,631,189,4,13002.33,41
397,546,433,2,12988.7,39
398,248,458,1,9656.85,0
399,261,454,5,1521.64,29
400,432,199,4,220.53,33
401,865,266,2,7645.45,18
402,904,143,4,13064.75,34
403,852,431,4,13798.58,38
404,243,335,1,8963.36,20
405,176,309,1,8759.27,46
406,330,77,5,4240.37,39
407,622,328,1,11111.98,16
408,612,194,5,4165.02,40
409,533,490,5,14071.17,12
410,164,220,5,5846.1,4
411,779,472,5,7022.23,45
412,459,45,2,13267.23,33
413,943,181,5,3603.04,32
414,552,371,2,6359.25,21
415,670,68,3,3716.19,14
416,608,480,4,1639.21,32
417,351,184,2,7711.07,23
418,719,454,1,4099.25,29
419,975,188,2,1722.62,42
420,531,457,1,1846.43,50
421,659,6,5,11465.91,28
422,620,156,4,10868.53,12
423,334,491,5,10566.46,9
424,132,278,3,11190.63,8
425,613,212,4,10241.21,0
426,141,345,4,12843.52,49
427,732,129,1,1214.03,0
428,643,105,5,14444.59,49
429,62,414,4,5721.02,44
430,130,75,1,12769.22,34
431,694,310,5,4467.63,12
432,122,89,1,11114.27,47
433,104,289,3,1338.74,50
434,325,239,3,2081.61,40
435,591,100,5,3424.36,46
436,832,44,4,13612.78,25
437,307,418,2,10465.7,4
438,158,320,1,2049.83,19
439,929,395,4,6046.76,38
440,179,325,1,8079.07,16
441,540,65,5,11219.67,11
442,711,117,5,13433.51,39
443,189,343,3,6759.4,25
444,189,19,2,3992.71,32
445,127,306,2,14728.27,47
446,865,228,5,8777.71,32
447,354,405,4,4721.72,10
448,755,374,4,7509.7,16
449,315,240,1,10257.61,24
450,373,334,2,14598.44,15
451,94,389,5,9237.21,43
452,529,319,1,5045.5,34
453,614,150,1,3670.64,16
454,799,467,5,10514.76,20
455,826,264,5,14456.34,28
456,628,382,5,3499.99,28
457,779,188,3,1130.95,27
458,32,156,3,7366.28,11
459,910,499,1,5551.27,37
460,995,419,3,12106.13,44
461,649,29,5,9976.42,9
462,186,159,4,10269.9,39
463,808,182,3,10558.11,29
464,159,198,1,5304.67,9
465,853,42,2,3311.76,24
466,330,62,3,6683.04,28
467,797,291,5,4211.22,36
468,14,15,3,14259.6,32
469,689,174,4,6491.85,41
470,338,368,1,14565.79,38
471,877,143,1,6999.22,1
472,776,185,5,1973.0,28
473,641,6,2,3582.37,6
474,605,129,2,8528.49,48
475,794,75,4,14548.03,0
476,321,491,2,14487.96,9
477,699,159,3,8336.58,22
478,908,454,4,10873.89,21
479,766,165,2,6995.56,43
480,14,327,3,10015.83,24
481,178,448,2,1783.79,1
482,448,317,1,5478.51,47
483,250,137,4,12468.08,34
484,538,433,3,7979.62,7
485,443,339,5,11551.49,27
486,368,166,4,10079.56,13
487,911,250,5,2723.91,4
488,501,377,3,13050.25,36
489,420,70,2,3557.32,20
490,911,353,5,7218.0,13
491,179,319,4,5378.57,35
492,511,158,2,1163.43,22
493,381,388,2,14561.36,44
494,261,169,5,7762.01,43
495,66,403,5,14526.85,30
496,565,304,2,4565.8,20
497,649,350,2,2512.54,48
498,782,80,1,6263.38,24
499,984,83,1,1751.68,0
500,822,108,5,10990.86,39
501,730,330,4,12851.49,20
502,584,293,2,4691.93,32
503,189,289,5,5214.11,8
504,595,195,2,7188.89,10
505,572,311,1,12333.22,37
506,702,279,4,9462.93,32
507,967,312,5,14158.89,46
508,122,167,4,2588.27,40
509,712,135,4,13468.97,14
510,984,44,1,6006.14,35
511,911,46,4,4632.71,4
512,507,173,5,6917.59,1
513,640,324,1,12798.58,32
514,733,194,2,11086.36,16
515,932,92,3,2590.48,47
516,638,67,5,6129.06,49
517,809,322,2,6743.54,22
518,992,335,5,10379.57,9
519,104,351,5,5630.84,20
520,976,313,2,8912.75,44
521,248,165,4,12264.89,14
522,32,177,2,5213.33,49
523,663,333,1,9519.11,26
524,149,433,1,8096.25,42
525,968,375,1,11552.53,24
526,451,333,4,495.54,15
527,741,455,2,7216.97,28
528,166,238,3,13554.43,37
529,358,334,3,2484.82,3
530,658,19,3,5268.62,29
531,777,192,5,3059.33,33
532,857,311,2,4361.77,25
533,777,141,2,12773.99,21
534,865,119,4,12877.15,10
535,31,81,5,6937.78,24
536,623,199,1,2489.45,26
537,801,250,5,12416.58,22
538,825,442,2,4721.17,6
539,718,33,4,604.06,10
540,39,351,3,14065.49,13
541,264,355,3,524.09,30
542,98,282,2,12041.6,19
543,195,120,1,1652.96,29
544,30,333,2,9281.44,3
545,171,470,5,9400.4,7
546,822,410,4,12371.87,26
547,506,197,4,14283.96,45
548,981,206,3,9983.77,40
549,274,426,5,3108.65,49
550,373,249,5,9974.59,37
551,105,424,5,4678.29,28
552,524,433,3,7293.93,35
553,204,396,4,6612.88,41
554,88,491,5,4534.25,28
555,107,458,3,9262.68,20
556,296,394,2,373.77,41
557,956,345,2,5748.49,37
558,63,14,5,11928.82,10
559,942,169,2,1869.5,4
560,887,303,1,5911.64,44
561,615,253,3,12568.41,35
562,191,325,1,9083.32,20
563,301,445,2,4356.06,8
564,178,71,5,11289.78,20
565,129,346,5,1619.37,24
566,516,365,3,6942.74,9
567,937,246,4,6553.07,6
568,838,182,4,13265.03,13
569,831,373,5,235.1,41
570,295,128,2,1378.65,5
571,111,86,3,12849.34,15
572,891,172,3,2859.19,48
573,414,365,5,14560.29,48
574,96,430,3,14083.4,28
575,69,452,4,7523.45,42
576,549,66,1,6537.41,47
577,219,423,2,953.92,13
578,646,457,4,5889.15,49
579,651,109,1,14694.97,23
580,610,289,4,3351.96,2
581,247,81,2,12447.23,50
582,6,254,4,9554.66,10
583,359,271,2,7243.21,25
584,106,332,4,9886.78,38
585,605,275,3,10187.72,6
586,632,340,3,13054.46,14
587,360,188,4,7679.05,30
588,117,216,1,11673.29,35
589,704,15,3,11514.9,15
590,544,13,1,4713.63,45
591,249,293,3,2909.11,13
592,470,299,3,3104.8,38
593,551,356,4,4239.26,22
594,668,69,4,271.37,43
595,648,222,2,11060.75,15
596,136,1,5,14691.35,34
597,147,27,4,1054.04,8
598,526,363,2,14986.27,35
599,847,149,2,8054.25,15
600,917,143,2,11456.59,32
601,415,45,5,11933.42,43
602,817,214,2,7647.3,44
603,160,22,1,3317.37,10
604,549,76,4,11527.52,4
605,722,35,2,14756.07,12
606,797,69,2,12471.18,41
607,707,267,4,564.46,2
608,446,133,5,1422.78,21
609,839,89,2,12089.36,15
610,476,228,5,769.24,47
611,859,375,3,12897.0,20
612,737,173,5,13965.42,33
613,296,338,3,8190.68,29
614,180,292,3,6540.32,13
615,585,497,5,4135.91,0
616,372,182,4,14652.42,10
617,241,23,5,12294.17,11
618,655,13,3,7827.3,30
619,198,150,3,11224.3,30
620,242,478,5,10879.52,37
621,606,320,5,4737.62,3
622,340,118,3,3163.3,1
623,37,344,3,10752.73,16
624,804,130,2,3498.16,16
625,611,145,5,6133.6,50
626,462,176,1,12327.45,43
627,486,55,4,8896.5,1
628,472,347,2,2364.1,11
629,494,147,3,9580.27,7
630,569,251,2,8643.11,46
631,308,42,4,13448.75,33
632,58,61,1,11456.28,6
633,940,357,2,9969.49,36
634,18,17,5,7726.04,28
635,402,88,2,1465.8,35
636,116,466,2,7092.64,3
637,655,324,4,3649.66,45
638,21,248,5,12737.61,0
639,426,32,3,2636.22,22
640,978,180,4,1574.0,12
641,509,112,5,558.61,13
642,384,123,1,7557.89,21
643,353,347,1,3252.49,16
644,186,386,1,13385.67,45
645,695,397,5,5658.91,26
646,495,186,5,13210.1,25
647,967,45,3,7908.56,16
648,266,471,2,1689.43,35
649,987,325,4,4300.78,43
650,921,181,5,1421.83,46
651,218,125,4,4842.87,5
652,246,420,2,7349.52,23
653,60,392,5,13140.44,39
654,28,95,3,13632.96,37
655,896,183,5,6183.05,15
656,267,206,4,2093.86,13
657,146,217,2,4070.94,18
658,856,327,4,3287.42,31
659,849,459,2,894.33,36
660,659,457,3,5137.98,12
661,777,274,2,7157.87,25
662,220,82,1,9531.94,22
663,627,346,1,871.72,35
664,353,40,3,12763.19,43
665,379,466,3,6813.1,33
666,389,385,5,10502.25,30
667,441,317,5,4241.6,17
668,62,135,1,14511.92,20
669,843,456,5,13881.18,31
670,419,173,2,10834.28,13
671,388,314,1,13061.44,16
672,927,305,1,1601.73,32
673,172,14,4,10039.14,44
674,420,182,5,7072.01,13
675,539,288,1,6165.92,20
676,611,98,5,3383.97,4
677,511,288,2,10200.53,30
678,772,40,2,14844.4,12
679,628,474,1,12968.13,38
680,388,287,4,9424.39,15
681,126,371,1,10621.25,7
682,280,137,4,11559.64,11
683,66,112,4,917.78,46
684,954,111,1,12079.77,48
685,677,75,5,9788.37,33
686,808,120,2,13407.76,43
687,201,22,2,10148.96,47
688,586,410,1,1373.31,16
689,441,166,3,8005.24,9
690,403,127,2,10034.46,19
691,385,318,2,5064.4,9
692,512,472,3,12624.26,22
693,513,182,2,10302.42,49
694,136,27,5,5637.29,5
695,760,375,4,13151.11,16
696,457,448,1,9471.74,24
697,6,290,2,4813.89,35
698,465,240,1,14501.6,28
699,120,303,2,8560.34,16
700,475,169,3,9050.01,13
701,131,363,2,4764.07,39
702,744,130,1,8884.03,7
703,240,14,2,5101.07,15
704,296,114,5,12547.03,22
705,537,211,2,1949.99,46
706,506,196,4,10839.31,19
707,798,57,1,3599.58,24
708,30,329,5,8352.39,12
709,910,195,5,3878.33,9
710,679,103,5,8419.86,19
711,133,3,1,9985.71,24
712,129,282,1,8578.9,13
713,603,312,4,3536.4,12
714,372,226,2,11728.45,15
715,313,58,4,3272.2,27
716,424,419,5,14916.72,0
717,400,261,2,8502.59,46
718,341,43,5,1806.83,38
719,515,379,5,12896.88,40
720,227,61,5,10049.47,15
721,517,6,2,540.45,48
722,616,98,1,4014.74,19
723,876,400,3,11403.48,11
724,703,268,5,4541.34,25
725,521,280,5,4381.82,22
726,904,407,4,11166.65,36
727,808,53,3,7379.39,47
728,421,138,3,7527.17,48
729,47,27,3,11826.22,8
730,890,105,2,13460.2,26
731,81,467,4,1162.41,36
732,401,105,2,11964.64,23
733,874,271,2,10868.06,29
734,505,55,2,8157.52,13
735,186,371,4,677.96,31
736,626,439,4,2554.01,27
737,100,437,5,10850.08,37
738,253,120,4,12406.09,22
739,738,69,3,9829.08,48
740,172,212,4,819.47,50
741,248,278,5,10252.18,31
742,54,182,2,13722.65,31
743,673,362,3,13128.68,14
744,145,29,5,6786.03,5
745,593,432,2,2122.58,43
746,373,38,2,462.44,2
747,410,131,1,11413.97,39
748,922,388,3,6038.44,23
749,485,281,3,14817.15,33
750,746,409,2,11652.19,14
751,686,447,5,14471.73,33
752,123,468,2,14380.38,40
753,206,281,4,5063.41,33
754,2,336,4,13657.15,28
755,219,410,4,14303.15,12
756,642,310,5,4722.72,45
757,808,233,4,2388.44,1
758,459,223,2,6833.22,15
759,539,419,2,10459.82,18
760,507,43,4,12670.77,14
761,384,163,3,7566.43,44
762,894,341,3,560.35,47
763,134,112,3,8867.42,0
764,556,446,4,4712.72,38
765,748,254,2,7266.04,12
766,159,44,3,12155.49,3
767,190,236,5,7594.25,21
768,292,119,3,6028.4,38
769,335,234,4,9896.64,50
770,102,148,2,11518.17,33
771,437,325,4,2500.91,33
772,500,348,4,2307.57,43
773,681,233,2,5037.16,34
774,900,146,3,5753.99,37
775,466,26,3,2707.78,33
776,447,324,4,10256.75,22
777,59,142,1,14390.38,13
778,938,249,3,1984.29,42
779,297,171,5,5987.96,28
780,463,45,5,12761.94,37
781,37,436,1,5501.54,36
782,54,483,4,2720.97,30
783,393,123,3,14188.34,5
784,256,51,5,9424.9,40
785,842,252,4,4839.6,40
786,5,464,3,4520.28,12
787,593,419,1,1164.33,7
788,317,471,1,2043.57,11
789,24,157,3,11437.57,49
790,896,102,1,6351.43,40
791,813,42,4,10102.58,45
792,753,339,2,1811.35,11
793,327,42,1,7753.48,22
794,678,425,3,5812.55,8
795,924,206,3,3056.16,11
796,511,386,3,3467.85,37
797,355,393,4,1249.32,10
798,207,106,3,13554.42,41
799,233,429,4,13832.15,21
800,885,447,5,5471.77,10
801,356,120,5,13001.11,14
802,859,96,5,5945.53,36
803,876,164,3,13097.9,25
804,785,339,3,4577.25,20
805,960,51,1,1351.87,18
806,769,154,5,10939.55,10
807,2,141,3,6746.23,37
808,184,337,2,1262.12,7
809,510,447,4,2525.53,2
810,560,310,1,14097.62,15
811,113,172,4,6040.86,47
812,29,165,4,13781.35,48
813,57,141,4,12361.27,1
814,476,401,3,4422.14,26
815,901,279,3,12551.75,22
816,870,381,4,12044.54,32
817,899,26,2,1553.33,13
818,385,311,2,14979.77,28
819,677,39,2,10723.12,5
820,916,460,4,2883.68,16
821,809,439,4,8401.34,4
822,821,253,1,13936.77,28
823,720,31,4,11489.71,5
824,857,133,4,520.74,9
825,821,427,2,8582.76,12
826,288,1,5,12926.09,49
827,79,341,1,12115.27,37
828,897,495,5,13178.83,29
829,656,196,4,10843.98,30
830,568,380,5,2076.31,20
831,302,363,1,12040.35,29
832,584,373,4,14593.87,25
833,882,125,5,841.39,14
834,454,270,4,9689.1,46
835,127,258,3,3605.71,8
836,622,74,4,8407.05,2
837,911,338,3,5085.0,42
838,213,228,5,9821.24,45
839,851,36,3,3231.23,35
840,678,441,3,6976.64,12
841,295,5,4,12882.55,40
842,395,374,2,8567.32,28
843,277,274,3,8562.06,21
844,384,324,3,424.83,41
845,887,12,4,588.09,28
846,85,486,5,1443.07,25
847,162,474,1,6597.35,35
848,178,57,4,11876.85,18
849,343,226,2,8631.4,46
850,767,183,3,11482.97,22
851,164,479,3,9754.08,2
852,940,339,5,4912.85,26
853,317,105,2,607.22,14
854,543,415,1,11391.94,44
855,505,212,5,6959.52,13
856,970,363,2,6515.19,15
857,446,327,2,6460.99,28
858,297,362,1,13828.99,5
859,4,102,3,11542.37,9
860,323,449,4,8325.74,41
861,692,212,5,7681.06,13
862,8,150,3,10175.51,38
863,666,159,3,8294.18,41
864,886,160,1,2806.97,3
865,976,90,2,4270.55,33
866,761,229,1,3053.41,27
867,526,212,3,4038.2,25
868,589,195,2,4921.48,25
869,553,490,2,8273.48,15
870,109,199,2,10462.7,11
871,839,282,2,6139.81,5
872,425,293,3,572.35,50
873,329,396,1,12439.81,19
874,554,76,2,9441.57,44
875,636,252,4,1565.75,23
876,997,318,3,11582.15,38
877,900,357,1,5653.67,4
878,218,257,4,10477.16,5
879,68,243,3,7448.02,49
880,113,11,4,12063.1,12
881,780,445,2,8882.65,5
882,334,151,1,12192.05,11
883,619,132,4,2460.47,21
884,802,186,2,5659.34,27
885,657,51,4,14752.19,20
886,91,294,2,897.46,31
887,408,22,2,9702.32,23
888,78,79,2,14558.63,44
889,176,231,1,2197.04,43
890,943,158,1,1423.79,24
891,423,169,3,6170.61,6
892,67,195,5,1094.07,41
893,840,347,3,6529.26,16
894,180,138,4,5157.92,24
895,137,165,4,12762.62,25
896,295,229,1,11347.4,24
897,693,350,2,5982.75,50
898,498,429,1,6744.44,18
899,152,36,3,3721.13,45
900,387,488,4,12734.9,4
901,469,366,1,3819.89,6
902,78,14,4,8739.89,1
903,235,264,4,14009.38,33
904,772,323,1,1300.2,47
905,767,197,2,2871.69,27
906,484,43,1,13860.16,31
907,286,72,5,7767.67,17
908,392,416,5,5902.8,24
909,425,341,4,8791.64,13
910,780,373,3,7641.06,16
911,327,13,2,5634.79,22
912,761,176,3,14367.31,30
913,573,170,5,2141.66,23
914,22,455,2,2506.13,21
915,99,2,1,10946.2,45
916,437,139,2,4961.9,14
917,888,169,1,7002.55,1
918,225,44,4,614.9,37
919,260,274,3,1030.18,17
920,902,107,4,10395.94,30
921,746,438,4,7822.96,32
922,907,428,1,6549.52,33
923,409,14,1,5867.55,7
924,155,4,4,6306.0,22
925,215,356,3,1891.97,38
926,625,302,2,6380.78,5
927,520,486,1,4646.32,47
928,435,460,2,7197.33,35
929,730,373,3,3976.65,31
930,429,338,1,5446.19,7
931,883,330,4,13334.51,24
932,666,173,5,8533.74,27
933,10,67,2,2324.77,36
934,892,131,2,515.8,17
935,33,35,5,4343.31,17
936,918,433,4,9173.86,19
937,979,447,1,1933.93,16
938,702,48,3,4193.07,31
939,581,132,4,5632.39,48
940,43,107,5,13744.86,9
941,548,411,4,4647.04,12
942,835,151,1,912.49,20
943,510,455,3,501.28,26
944,597,390,5,7566.74,28
945,841,43,3,974.68,49
946,867,324,1,10907.33,1
948,578,445,3,8693.86,17
949,320,310,3,5838.43,44
950,581,425,1,4792.39,17
951,380,306,4,11254.62,3
952,649,125,2,12450.66,1
953,279,78,3,1226.46,20
954,29,47,2,1181.26,14
955,354,335,4,2490.39,41
956,951,364,1,2624.01,26
957,310,278,3,1054.1,26
958,880,136,3,1783.02,33
959,47,321,1,2464.39,1
960,627,215,4,2448.05,29
961,98,489,1,6057.43,27
962,593,435,4,2120.78,40
963,139,83,4,6004.02,0
964,323,418,3,11373.84,27
965,145,319,1,3390.88,7
966,697,19,1,6711.13,47
967,339,28,2,11350.31,33
968,796,419,5,10960.72,18
969,753,155,1,10439.28,45
970,218,492,3,11775.1,1
971,639,471,5,10478.57,40
972,617,43,1,406.44,10
973,324,315,4,2991.12,49
974,200,224,2,8751.87,13
975,635,427,5,6188.69,16
976,306,212,5,2923.91,1
977,441,48,1,6511.27,42
978,489,388,3,9437.4,11
979,335,451,5,10250.57,27
980,113,212,3,14151.76,47
981,353,356,2,8971.27,21
982,716,89,5,11684.8,14
983,485,179,1,9244.82,13
984,355,30,5,13097.09,23
985,834,466,4,513.72,3
986,703,286,4,3385.46,8
987,657,108,5,10174.92,50
988,934,16,3,5016.89,7
989,779,321,1,6431.11,46
990,316,9,2,7261.27,23
991,213,245,1,220.87,28
992,415,103,3,6078.44,48
993,994,274,3,5460.14,39
994,618,241,4,11055.78,4
995,690,250,4,3641.89,11
996,949,23,1,2487.38,10
997,358,344,5,8449.79,27
998,569,452,1,12370.48,44
999,412,64,4,9343.94,4
1000,897,240,4,1724.57,23
1001,87,481,1,3416.63,49
1002,245,348,1,12156.14,8
1003,105,445,4,7629.45,20
1004,74,280,2,10016.9,25
1005,789,51,4,11789.79,1
1006,63,421,3,14717.75,18
1007,201,354,3,3229.69,17
1008,395,433,2,9499.31,26
1009,431,42,2,1296.09,45
1010,783,451,3,7350.39,34
1011,535,164,3,1883.74,37
1012,911,78,1,13190.51,15
1013,111,298,5,3593.56,4
1014,437,17,1,10627.74,22
1015,110,1,1,7354.14,40
1016,88,12,2,6774.59,50
1017,216,358,1,1315.61,44
1018,692,354,4,10943.61,5
1019,813,13,1,10261.78,46
1020,181,283,1,6524.07,10
1021,949,184,1,559.34,14
1022,272,202,4,14966.51,14
1023,407,133,1,9176.42,48
1024,982,390,2,10035.18,50
1025,989,208,3,12354.55,39
1026,21,378,3,2609.67,45
1027,599,365,4,7398.51,19
1028,65,433,2,14437.44,24
1029,363,55,3,2327.57,14
1030,767,7,1,14116.9,23
1031,681,490,5,8146.75,31
1032,746,426,2,9580.48,17
1033,662,236,4,14779.54,45
1034,648,409,3,2101.06,31
1035,864,474,3,7215.84,5
1036,26,424,4,1633.68,20
1037,256,420,4,10797.18,26
1038,755,437,1,3026.11,41
1039,989,473,2,2894.63,41
1040,334,323,2,4457.49,3
1041,771,236,3,5062.1,21
1042,927,396,2,6824.04,42
1043,884,374,2,2214.85,45
1044,684,318,3,5713.95,1
1045,975,414,5,11235.28,33
1046,644,300,5,11412.35,18
1047,185,104,3,11204.73,19
1048,662,426,2,11599.57,38
1049,168,432,5,5723.12,24
1050,391,80,5,7555.61,3
1051,566,262,2,12521.18,25
1052,741,311,5,12448.71,11
1053,367,220,4,5666.52,18
1054,734,434,1,6911.8,45
1055,938,347,5,8311.58,45
1056,875,381,1,4757.94,44
1057,145,54,4,8096.51,41
1058,887,299,1,9637.94,31
1059,733,348,1,6866.57,12
1060,321,218,5,14973.32,19
1061,932,350,4,8633.36,42
1062,348,167,5,9667.18,14
1063,716,491,1,8414.62,35
1064,270,28,2,14591.3,18
1065,744,458,3,1237.44,3
1066,664,203,3,13487.29,30
1067,32,293,4,8845.34,17
1068,568,443,5,12850.53,1
1069,684,203,3,8863.37,39
1070,527,233,1,3430.03,9
1071,997,59,3,6893.73,47
1072,515,171,1,11570.32,9
1073,113,369,1,2780.96,17
1074,431,383,2,3757.84,23
1075,872,364,2,9482.76,4
1076,365,236,4,9555.27,9
1077,827,200,1,2445.5,37
1078,726,57,2,8752.9,46
1079,837,264,3,12152.42,50
1080,370,200,5,13551.47,19
1081,969,398,2,3446.8,7
1082,643,392,5,8043.17,50
1083,318,280,1,6003.43,50
1084,109,233,4,11641.55,4
1085,315,271,1,10888.22,47
1086,270,475,3,8403.37,48
1087,581,272,2,10489.66,45
1088,961,445,4,7615.27,18
1089,524,49,1,13409.14,46
1090,326,157,1,3309.58,2
1091,542,176,4,9467.0,45
1092,555,437,5,13565.5,16
1093,630,375,2,14764.87,30
1094,503,217,2,8906.62,18
1095,311,202,2,360.28,14
1096,571,336,4,4960.04,35
1097,794,447,5,4735.15,6
1098,572,233,4,3144.67,48
1099,424,8,1,5596.31,3
1100,556,196,5,12845.67,3
1101,460,355,5,2017.44,43
1102,745,302,5,9475.98,15
1103,409,250,2,6963.87,32
1104,17,381,1,13019.85,1
1105,137,51,3,2494.3,14
1106,179,496,4,502.09,40
1107,765,294,4,8818.57,36
1108,70,479,3,810.66,29
1109,823,487,3,11710.76,31
1110,470,496,2,6864.85,44
1111,527,407,2,7464.51,24
1112,201,417,2,9718.71,4
1113,791,368,2,8317.8,28
1114,417,493,2,4009.94,38
1115,250,205,5,1983.41,27
1116,150,165,5,14525.23,26
1117,775,439,4,6092.87,2
1118,468,142,4,6519.3,21
1119,389,438,1,11281.67,27
1120,338,38,2,5731.93,13
1121,314,231,4,7356.31,49
1122,851,254,3,7151.53,15
1123,448,317,4,5358.7,30
1124,300,23,1,268.49,36
1125,789,238,5,13504.69,8
1126,675,130,4,10433.4,36
1127,392,177,2,12731.77,37
1128,151,89,5,3105.18,26
1129,242,219,5,8402.98,18
1130,948,71,5,1811.43,14
1131,89,346,2,11315.48,24
1132,95,411,4,7412.25,33
1133,456,177,2,10432.07,48
1134,395,14,1,944.15,47
1135,136,225,4,9547.66,15
1136,64,383,3,13680.97,23
1137,187,71,4,7856.66,46
1138,261,125,4,9561.04,19
1139,910,493,4,7353.88,11
1140,352,428,2,5800.95,8
1141,596,146,4,9247.78,40
1142,161,305,1,7999.31,50
1143,223,494,4,1491.75,15
1144,430,270,1,7998.11,31
1145,147,283,5,9741.37,0
1146,401,71,5,10984.2,43
1147,612,98,3,1839.3,37
1148,421,282,4,1526.83,31
1149,518,249,2,12089.91,9
1150,742,453,5,6987.5,48
1151,780,24,5,12923.46,9
1152,188,422,2,9397.1,12
1153,684,419,3,4445.54,7
1154,785,378,5,4691.91,31
1155,815,428,1,2833.91,24
1156,548,4,1,11080.66,40
1157,425,391,5,11984.52,16
1158,794,301,1,10115.56,25
1159,503,59,1,12328.87,27
1160,603,283,1,8823.84,47
1161,57,169,5,12172.12,3
1162,817,160,5,306.26,19
1163,747,253,3,13941.89,2
1164,240,118,5,11824.11,31
1165,382,67,1,5945.17,20
1166,119,215,3,9273.1,44
1167,814,384,5,6342.21,35
1168,245,267,4,1163.11,21
1169,585,230,2,605.87,50
1170,856,460,4,14208.77,45
1171,953,309,1,14464.95,10
1172,357,113,2,13803.0,37
1173,433,276,1,7940.35,18
1174,863,237,1,11044.85,10
1175,478,449,1,6072.6,19
1176,933,218,3,6700.23,36
1177,99,194,3,5440.3,1
1178,941,204,3,4845.74,16
1179,537,136,2,6662.44,21
1180,407,200,3,1350.86,30
1181,789,209,4,10230.97,37
1182,674,79,4,9564.93,6
1183,284,336,2,8744.48,22
1184,440,43,2,5329.26,14
1185,55,239,3,4608.4,21
1186,894,93,2,3377.18,45
1187,253,250,2,11210.78,16
1188,76,3,1,13144.95,45
1189,487,287,5,6817.3,41
1190,430,381,5,3480.04,48
1191,58,45,2,2455.45,12
1192,877,271,3,8977.9,13
1193,987,43,1,974.51,13
1194,253,176,5,7970.83,14
1195,208,253,2,13766.83,48
1196,125,327,5,6963.59,17
1197,281,106,5,8122.13,1
1198,736,417,4,12824.8,43
1199,996,363,1,10236.31,16
1200,614,301,4,10185.89,20
1201,892,53,5,14040.19,16
1202,911,223,4,9468.28,40
1203,520,410,3,3014.6,4
1204,147,154,2,6412.9,10
1205,173,489,3,1801.86,6
1206,407,417,1,5525.91,22
1207,110,388,4,11767.11,50
1208,188,438,3,9480.04,46
1209,85,359,1,12910.36,32
1210,600,12,1,11477.46,12
1211,852,136,3,4468.5,35
1212,158,253,5,6502.46,20
1213,911,286,4,7629.72,22
1214,445,260,3,1078.45,16
1215,448,106,2,9930.21,41
1216,43,23,1,11602.16,4
1217,914,398,1,10031.48,7
1218,949,192,3,6284.55,20
1219,549,493,1,5850.0,35
1220,146,57,1,6915.66,11
1221,358,17,3,11892.05,50
1222,170,218,1,7331.28,33
1223,579,255,3,610.26,22
1224,730,140,3,739.46,7
1225,874,380,2,5920.07,25
1226,279,157,1,5694.94,44
1227,478,21,4,11346.37,3
1228,105,66,5,14883.47,43
1229,342,481,1,3016.02,15
1230,707,431,3,5790.88,31
1231,757,479,1,14415.99,33
1232,636,47,3,12611.36,37
1233,194,262,3,12909.02,43
1234,809,436,1,8256.97,45
1235,203,25,1,9547.84,1
1236,851,210,5,14497.84,31
1237,628,357,2,2611.9,41
1238,151,107,5,2524.38,19
1239,834,149,2,662.94,5
1240,304,313,1,3855.28,13
1241,775,499,3,5428.97,10
1242,587,190,4,12348.77,32
1243,662,156,2,11927.63,41
1244,316,139,3,7214.6,8
1245,121,329,2,9535.48,41
1246,805,298,2,10800.82,0
1247,594,248,2,6331.71,35
1248,159,378,1,2459.32,22
1249,932,479,5,1409.6,15
1250,33,224,2,9241.98,30
1251,429,66,1,6843.98,48
1252,970,301,2,6839.03,4
1253,792,153,5,8924.78,4
1254,85,105,5,5902.08,47
1255,916,364,2,9039.13,15
1256,545,200,2,7766.88,2
1257,637,190,2,1502.35,42
1258,372,187,5,4784.58,0
1259,128,16,5,9619.97,31
1260,901,350,5,14023.45,48
1261,243,139,2,6889.9,32
1262,592,161,2,13787.78,31
1263,882,371,2,4810.78,47
1264,957,113,5,12154.88,12
1265,602,466,2,6492.12,48
1266,367,444,1,13549.26,13
1267,996,64,3,9544.41,44
1268,326,237,5,11963.03,33
1269,169,71,1,5169.76,14
1270,450,388,5,12630.86,9
1271,67,476,4,4487.89,31
1272,476,131,1,5078.53,46
1273,652,422,1,11492.35,26
1274,741,317,5,5261.37,4
1275,442,126,1,14589.07,3
1276,528,213,4,14895.99,45
1277,206,464,3,2122.36,13
1278,600,427,2,4560.77,5
1279,258,4,3,11684.18,8
1280,803,394,5,3395.13,9
1281,786,237,2,5446.26,34
1282,342,317,2,12656.49,25
1283,70,319,3,12410.03,14
1284,443,294,5,8045.16,10
1285,300,161,3,12969.71,12
1286,505,174,2,8371.22,48
1287,849,192,1,2116.98,26
1288,43,453,5,7680.36,21
1289,398,364,3,4411.0,40
1290,141,359,1,12684.81,10
1291,522,459,5,8026.95,37
1292,675,374,1,10931.33,18
1293,510,425,4,2197.96,42
1294,183,380,4,11527.61,49
1295,276,57,5,4854.76,10
1296,687,422,3,13963.12,37
1297,875,316,3,6731.0,20
1298,359,140,3,2557.78,43
1299,257,61,2,5115.91,50
1300,803,372,2,5463.41,50
1301,599,5,5,5811.61,27
1302,116,130,1,5864.25,23
1303,753,86,2,8523.64,49
1304,256,246,2,7115.58,18
1305,941,305,5,6631.77,19
1306,669,133,5,3088.27,14
1307,336,25,5,5099.9,39
1308,571,61,5,7083.4,45
1309,997,447,1,4218.88,22
1310,352,345,5,6846.36,30
1311,71,64,4,4830.92,20
1312,679,132,4,7533.89,44
1313,823,326,4,6144.63,14
1314,982,349,5,10609.62,23
1315,602,51,3,917.58,29
1316,671,380,3,775.88,30
1317,405,63,3,5005.85,6
1318,771,108,5,10750.06,17
1319,184,137,4,7942.96,41
1320,657,266,4,8846.99,0
1321,211,379,4,13521.77,39
1322,956,175,3,14335.05,26
1323,885,167,4,11788.3,47
1324,355,210,4,5562.27,49
1325,324,148,4,11969.03,10
1326,499,27,1,6666.15,29
1327,302,393,2,8889.21,0
1328,933,95,5,3897.87,5
1329,927,492,1,1529.72,19
1330,788,91,4,7478.21,35
1331,151,358,5,10791.97,31
1332,874,276,3,6826.03,23
1333,433,380,5,1600.64,39
1334,343,334,5,7381.92,16
1335,773,376,2,14339.42,31
1336,849,446,1,6523.65,14
1337,442,149,3,11950.97,9
1338,861,500,3,10344.92,16
1339,978,312,5,4825.92,20
1340,569,100,5,9964.73,21
1341,157,251,4,11281.63,20
1342,149,418,5,9038.01,0
1343,117,187,4,9114.81,14
1344,986,226,1,4577.56,38
1345,562,492,5,8568.65,49
1346,263,77,5,4733.19,25
1347,610,394,1,6593.56,27
1348,852,58,2,8681.38,11
1349,11,47,4,3338.81,50
1350,806,171,5,9474.55,18
1351,407,164,5,14770.78,24
1352,431,370,1,7062.01,48
1353,445,329,4,2458.6,50
1354,238,335,1,6647.61,14
1355,341,165,1,5171.06,36
1356,975,362,3,10091.45,14
1357,386,186,2,8574.27,39
1358,280,154,3,14295.16,7
1359,485,471,4,528.36,41
1360,656,419,3,4472.26,30
1361,587,363,4,6216.16,26
1362,305,279,2,2898.29,15
1363,481,190,4,10542.69,49
1364,910,302,5,4768.03,40
1365,221,184,2,2855.6,35
1366,563,408,4,8024.17,9
1367,500,344,1,1193.62,13
1368,942,117,3,3848.97,44
1369,193,294,4,7588.01,18
1370,109,219,1,9886.27,17
1371,520,146,3,5857.68,17
1372,168,332,1,1966.43,40
1373,109,212,4,4147.43,1
1374,928,88,2,6297.56,6
1375,979,347,4,2718.87,16
1376,178,464,3,4298.14,45
1377,325,324,5,13817.29,8
1378,527,235,1,8960.44,26
1379,97,483,2,624.16,29
1380,682,119,5,11268.32,33
1381,82,377,2,9670.03,14
1382,42,396,3,9422.9,16
1383,407,167,3,2538.54,49
1384,402,227,3,2114.32,25
1385,115,202,1,7407.7,42
1386,355,314,4,1526.26,20
1387,810,227,1,8277.27,23
1388,475,492,2,8799.9,47
1390,48,286,3,5776.99,14
1391,619,340,1,982.58,15
1392,621,314,3,11101.57,28
1393,317,437,5,8672.37,28
1394,3,394,2,4005.5,6
1395,178,224,4,3783.52,46
1396,481,436,4,11373.2,2
1397,332,485,5,3134.98,33
1398,263,106,3,732.55,45
1399,671,79,5,9389.07,43
1400,879,244,1,1029.31,11
1401,158,459,2,6234.65,8
1402,63,285,5,4624.98,0
1403,839,181,2,3793.73,33
1404,307,333,4,12781.31,48
1405,435,198,5,11448.39,9
1406,98,66,1,10997.14,34
1407,992,169,5,2535.09,11
1408,178,37,3,3671.75,28
1409,750,171,4,3575.88,3
1410,706,109,4,3464.71,13
1411,142,368,3,825.15,8
1412,470,453,4,5956.83,14
1413,767,163,4,14283.08,47
1414,535,488,5,2661.07,0
1415,69,273,2,7566.37,38
1416,652,303,3,4954.15,44
1417,327,5,1,1136.04,0
1418,211,12,4,866.84,35
1419,692,6,4,6929.64,6
1420,289,279,4,4766.1,44
1421,790,486,2,9690.18,9
1422,833,367,2,8538.13,28
1423,420,205,5,4135.21,9
1424,317,213,1,5156.64,43
1425,355,468,1,887.43,49
1426,249,163,3,695.27,48
1427,283,296,5,2177.85,16
1428,888,307,2,3568.71,27
1429,454,386,4,9644.94,23
1430,81,378,5,3735.8,30
1431,40,116,2,3730.5,47
1432,586,314,4,13530.95,7
1433,661,47,3,11168.06,13
1434,959,438,5,3058.9,29
1435,988,252,5,3029.86,1
1436,299,102,3,1936.61,47
1437,124,279,1,1947.92,28
1438,802,385,4,2128.69,49
1439,376,62,4,11807.69,29
1440,963,313,5,9940.82,46
1441,974,379,4,8770.03,10
1442,256,29,5,10853.14,45
1443,107,144,2,4526.65,47
1444,611,234,2,4190.33,22
1445,120,318,1,12194.93,48
1446,433,451,5,6561.36,16
1447,573,158,3,8326.05,14
1448,15,71,3,2008.61,50
1449,320,366,4,4538.38,46
1450,412,269,4,2222.58,24
1451,194,158,3,1261.26,48
1452,112,436,4,8539.6,48
1453,859,6,2,11008.26,38
1454,996,8,1,12507.88,12
1455,631,15,2,3119.84,18
1456,562,29,5,4177.32,6
1457,853,378,3,10587.24,12
1458,653,321,2,351.79,25
1459,505,310,5,9567.4,19
1460,769,201,2,4513.58,12
1461,317,440,5,5991.84,17
1462,301,364,3,2387.18,34
1463,859,89,4,3141.16,42
1464,668,114,2,3436.29,10
1465,56,470,2,2603.93,1
1466,607,207,2,7333.02,25
1467,289,428,5,9081.05,19
1468,90,5,5,995.64,39
1469,494,192,4,14569.02,27
1470,873,446,3,1647.13,8
1471,985,386,5,7730.58,50
1472,310,92,1,14547.56,24
1473,877,119,1,8728.54,20
1474,15,182,4,3707.68,35
1475,930,337,5,2558.21,1
1476,531,320,3,13904.14,25
1477,908,115,3,13531.38,25
1478,819,443,3,9330.47,37
1479,760,252,2,875.19,31
1480,213,82,3,9941.25,24
1481,179,349,3,918.97,33
1482,388,300,2,3575.2,5
1483,324,76,5,9910.58,32
1484,222,259,2,3367.97,43
1485,580,14,2,14588.11,33
1486,671,340,2,4979.03,30
1487,664,393,2,3466.31,13
1488,280,493,5,8949.3,15
1489,734,224,5,12115.5,39
1490,66,113,5,5947.92,18
1491,998,407,1,9724.11,45
1492,542,79,5,6358.79,23
1493,766,248,4,546.7,9
1494,85,251,4,7314.75,13
1495,512,196,1,4169.35,42
1496,885,108,4,7813.91,38
1497,158,3,5,6481.52,44
1498,333,498,5,11883.88,42
1499,880,188,3,13711.58,10
1500,99,150,5,287.98,17
1501,298,175,1,3988.12,17
1502,982,461,1,1173.81,49
1503,591,401,4,14545.01,50
1504,925,1,1,7500.63,32
1505,188,496,2,14465.73,47
1506,720,234,4,5932.45,15
1507,839,393,3,7580.46,1
1508,562,135,4,10122.92,13
1509,65,146,1,8662.35,10
1510,830,343,4,8248.32,14
1511,984,366,4,6963.03,8
1512,63,69,2,2797.57,10
1513,648,223,1,14377.96,9
1514,1,344,1,1192.62,25
1515,919,39,5,1157.37,20
1516,366,361,3,13784.41,18
1517,786,57,2,12132.95,7
1518,261,466,1,8020.81,3
1519,61,210,4,14670.32,38
1520,741,474,3,11601.64,17
1521,648,356,1,13571.01,20
1522,53,118,1,7016.97,39
1523,407,385,2,7106.03,5
1524,158,67,5,11349.65,3
1525,396,315,1,9642.78,0
1526,418,479,2,2433.58,9
1527,470,257,4,7798.03,13
1528,208,183,4,291.79,27
1529,887,461,5,1153.68,20
1530,636,449,2,14505.02,5
1531,559,426,3,12150.17,35
1532,737,418,5,10738.06,48
1533,876,163,5,1865.76,1
1534,680,227,2,1466.79,12
1535,457,36,3,8877.98,42
1536,611,26,4,10961.95,40
1537,926,419,2,3888.86,30
1538,907,318,3,6721.66,8
1539,190,422,2,6838.21,13
1540,583,152,1,8307.23,37
1541,591,81,4,14540.65,36
1542,107,271,1,5389.91,44
1543,974,423,3,13882.8,2
1544,285,88,2,7624.61,29
1545,757,238,2,6241.36,10
1546,793,303,5,6341.19,14
1547,559,285,4,4670.37,45
1548,87,229,4,13115.61,1
1549,96,409,1,10312.0,36
1550,476,435,2,7593.39,32
1551,331,82,3,7414.15,3
1552,292,313,5,604.84,22
1553,128,146,1,5215.23,28
1554,756,428,5,9701.8,16
1555,512,299,5,9417.32,8
1556,718,146,3,5326.05,27
1557,64,3,3,1185.24,4
1558,786,332,2,7818.43,31
1559,532,216,2,4701.98,43
1560,773,270,2,9794.94,48
1561,885,456,2,535.27,29
1562,635,185,2,6918.68,41
1563,683,472,4,12117.01,43
1564,722,108,2,14713.78,28
1565,404,292,2,13820.48,35
1566,808,357,4,4451.95,44
1567,417,278,5,2298.4,1
1568,748,430,5,14882.75,9
1569,336,467,3,13532.19,13
1570,918,184,2,4462.43,28
1571,315,95,1,14826.58,5
1572,323,133,3,7451.83,16
1573,166,206,3,14403.31,42
1574,197,34,4,5716.73,6
1575,614,217,4,1374.12,43
1576,737,165,4,2703.21,26
1577,630,39,3,10116.85,9
1578,771,232,5,1579.82,1
1579,830,130,4,7360.27,33
1580,544,332,4,14088.61,27
1581,254,169,2,11683.28,38
1582,644,332,4,2651.8,23
1583,430,354,5,3620.14,25
1584,657,17,4,1932.89,17
1585,578,10,4,2528.02,27
1586,275,88,4,4926.78,1
1587,100,257,2,5578.89,36
1588,808,351,2,5415.88,9
1589,199,440,1,4332.69,14
1590,545,58,4,7940.8,0
1591,982,372,5,5593.21,31
1592,161,219,1,12329.22,28
1593,799,25,4,5706.75,8
1594,338,153,3,5997.55,24
1595,506,497,2,12986.67,38
1596,635,327,1,4307.4,9
1597,216,190,2,7084.09,23
1598,923,382,4,6610.0,24
1599,557,252,2,2912.43,6
1600,328,310,4,7338.68,26
1601,654,87,5,1285.56,19
1602,977,386,4,12205.3,35
1603,293,429,1,9837.3,22
1604,505,400,1,1296.3,49
1605,608,410,5,13525.2,40
1606,730,430,2,3018.43,1
1607,92,152,2,10884.7,37
1608,100,75,3,12294.54,18
1609,413,142,2,3638.63,40
1610,176,9,4,2752.15,23
1611,756,217,5,12384.75,44
1612,442,209,5,12675.51,27
1613,557,322,1,10117.58,1
1614,771,455,1,3674.7,50
1615,88,272,5,13547.4,6
1616,107,307,4,14137.93,49
1617,779,25,4,6095.95,23
1618,396,26,4,7232.87,25
1619,472,277,1,13325.24,32
1620,917,255,3,5027.21,40
1621,938,250,1,11516.37,11
1622,731,209,1,4420.04,17
1623,5,184,1,12468.73,41
1624,999,69,5,8641.14,43
1625,726,291,2,11228.66,38
1626,649,467,2,589.29,19
1627,87,150,1,2476.62,3
1628,217,228,1,11907.95,46
1629,157,82,1,10045.26,11
1630,484,436,2,13935.51,9
1631,506,245,1,3560.58,30
1632,992,96,3,14659.7,45
1633,429,351,4,3947.94,28
1634,191,359,1,2976.43,32
1635,132,79,1,5816.3,18
1636,810,163,3,6933.49,47
1637,723,466,5,8375.79,0
1638,179,242,5,14981.81,27
1639,374,193,3,13780.81,38
1640,236,402,3,9680.08,32
1641,548,350,1,6513.7,46
1642,685,449,1,2457.4,40
1643,818,391,5,13475.05,15
1644,641,89,4,8902.35,10
1645,762,147,1,9191.34,4
1646,698,55,2,13813.11,43
1647,398,4,4,5899.94,32
1648,794,353,2,4296.25,4
1649,124,313,1,578.64,21
1650,80,295,2,3444.92,49
1651,136,494,5,14773.18,36
1652,656,409,3,11080.57,12
1653,936,175,1,8330.73,4
1654,727,165,4,6912.25,41
1655,775,76,1,921.2,26
1656,792,497,3,14272.34,26
1657,593,353,5,12682.61,26
1658,106,134,3,554.65,11
1659,787,51,5,13919.68,10
1660,527,222,3,11606.84,43
1661,875,496,1,9506.93,26
1662,834,222,5,11851.55,38
1663,860,462,3,8612.32,49
1664,842,304,2,9711.26,48
1665,405,73,4,4899.5,0
1666,915,152,3,6061.61,8
1667,459,381,3,10008.29,37
1668,689,461,5,4809.71,25
1669,860,120,1,6705.57,5
1670,374,282,3,11744.73,8
1671,72,156,5,12147.86,44
1672,239,308,5,7273.37,2
1673,502,247,1,14369.49,30
1674,558,1,2,9325.98,27
1675,473,200,2,10952.45,22
1676,702,332,2,8847.15,9
1677,320,219,2,3127.36,7
1678,878,81,1,7442.33,39
1679,414,301,3,11068.39,44
1680,749,256,1,4499.03,15
1681,818,301,3,8991.9,46
1682,292,119,4,7102.01,27
1683,378,70,1,13922.76,18
1684,385,206,3,4704.7,23
1685,391,227,4,6737.22,29
1686,538,385,2,9780.26,32
1687,457,214,5,4607.53,4
1688,804,453,3,3743.67,1
1689,872,340,5,8191.18,38
1690,513,477,3,14304.89,2
1691,933,60,5,7354.64,46
1692,755,91,5,9905.05,3
1693,114,447,1,8166.11,34
1694,869,482,4,10913.62,25
1695,522,108,2,13694.82,26
1696,578,334,4,12214.04,29
1697,282,244,2,11159.93,13
1698,19,469,2,3501.91,5
1699,575,275,2,4529.04,50
1700,670,398,4,13045.29,12
1701,228,268,4,14124.22,36
1702,192,322,3,13566.67,29
1703,415,245,5,4901.65,8
1704,264,103,5,8896.69,19
1705,814,151,5,14652.87,23
1706,178,420,3,14161.65,15
1707,268,84,1,2391.01,10
1708,278,82,3,6511.8,5
1709,262,79,1,7337.45,7
1710,757,58,4,10165.6,31
1711,168,292,2,6750.84,26
1712,756,181,1,10908.91,41
1713,838,378,5,14717.12,37
1714,548,116,2,13500.0,32
1715,336,215,2,5911.57,14
1716,336,377,1,2202.42,45
1717,689,404,4,14904.84,42
1718,378,213,3,12123.02,26
1719,677,193,5,5222.69,46
1720,781,429,2,12661.86,7
1721,799,342,5,7449.28,34
1722,163,121,1,7444.89,38
1723,173,416,3,1509.01,11
1724,975,259,4,4366.87,4
1725,306,226,4,2145.05,43
1726,940,173,1,13543.69,12
1727,982,398,4,8012.49,44
1728,1000,463,5,4717.59,13
1729,987,99,4,7345.13,33
1730,700,326,4,4834.22,2
1731,781,75,3,2114.31,3
1732,687,147,5,12562.84,2
1733,76,478,4,11176.11,19
1734,959,483,1,10363.53,14
1735,682,212,1,4982.24,47
1736,480,227,2,12898.69,25
1737,170,103,2,200.83,38
1738,503,164,1,7529.23,0
1739,735,24,5,14107.65,18
1740,216,262,2,2031.94,21
1741,967,107,1,12888.12,6
1742,13,219,2,10840.62,20
1743,231,314,3,2641.87,26
1744,527,281,3,13659.84,38
1745,680,303,4,10322.62,0
1746,332,73,3,7837.04,19
1747,244,109,2,9664.27,25
1748,320,7,5,13307.2,28
1749,576,199,3,14847.77,15
1750,225,37,5,312.9,50
1751,928,136,5,13685.01,4
1752,685,203,5,7932.19,43
1753,305,181,1,14522.68,6
1754,77,464,3,3770.95,11
1755,234,483,5,12991.77,7
1756,545,22,5,12131.48,23
1757,110,316,2,3491.11,22
1758,399,359,4,7550.18,12
1759,528,400,5,9848.42,38
1760,512,441,4,13825.68,38
1761,536,170,4,13202.75,32
1762,990,407,4,3375.64,3
1763,338,482,5,940.51,22
1764,885,273,5,2228.15,19
1765,194,174,2,10720.28,17
1766,317,224,4,7015.72,4
1767,823,49,4,6301.79,8
1768,391,195,3,13163.86,50
1769,83,308,2,14705.7,25
1770,825,435,4,2410.61,25
1771,866,152,4,9279.34,19
1772,353,16,3,12774.23,43
1773,909,211,3,1928.79,33
1774,383,465,1,4754.03,16
1775,437,265,4,5445.73,26
1776,420,231,2,14554.52,6
1777,585,457,4,7169.08,41
1778,102,324,2,11497.92,18
1779,623,484,4,13501.8,24
1780,754,180,4,8123.16,2
1781,349,449,4,9208.39,9
1782,749,437,2,11686.71,1
1783,457,83,1,11799.45,41
1784,102,109,4,2026.52,32
1785,843,371,3,1784.25,45
1786,202,458,1,10921.92,46
1787,270,115,4,9076.99,26
1788,520,164,1,10530.39,32
1789,922,92,3,6093.08,16
1790,793,231,2,12860.1,16
1791,226,135,3,10099.68,48
1792,964,192,4,3627.67,18
1793,399,260,4,13391.67,26
1794,733,238,4,5324.24,49
1795,313,193,5,374.02,16
1796,766,164,2,6690.45,37
1797,589,394,4,5062.54,38
1798,612,106,3,6999.94,17
1799,485,463,2,4183.25,24
1800,690,322,4,11902.09,27
1801,857,339,5,13369.5,23
1802,545,110,2,3936.52,21
1803,651,25,1,8354.66,32
1804,875,69,5,4737.76,10
1805,592,163,3,5466.19,3
1806,828,386,5,9066.74,7
1807,479,4,4,10682.11,16
1808,214,408,5,7598.51,3
1809,609,461,3,12141.15,29
1810,263,248,2,877.14,5
1811,624,248,5,4483.72,27
1812,760,321,4,11535.78,34
1813,871,498,5,8648.0,20
1814,859,191,2,7256.53,8
1815,853,481,2,7189.36,35
1816,666,50,4,13018.39,44
1817,294,190,4,1548.78,16
1818,626,21,3,12022.22,31
1819,981,337,4,10346.61,24
1820,250,74,2,3863.38,28
1821,528,455,5,3944.68,46
1822,16,190,1,10097.43,11
1823,225,317,1,4953.25,23
1824,557,343,1,4477.03,13
1825,604,180,4,473.64,47
1826,287,86,3,14911.56,4
1827,35,99,4,12667.62,43
1828,148,246,2,4499.32,2
1829,635,66,4,12822.56,11
1830,931,351,3,7115.36,33
1831,659,456,1,3268.12,32
1832,676,203,4,4658.78,12
1833,669,448,5,3864.35,48
1834,454,420,4,12563.81,32
1835,364,292,4,9161.88,12
1836,163,428,5,3260.03,44
1837,122,148,1,11104.61,25
1838,406,119,4,5562.77,47
1839,772,148,5,4867.56,46
1840,154,80,1,2082.81,2
1841,333,466,3,8653.04,6
1842,153,114,3,5187.56,10
1843,355,390,2,3485.08,9
1844,339,348,1,9973.98,41
1845,576,469,3,13648.75,10
1846,987,42,3,2874.14,35
1847,629,198,1,4547.06,44
1848,440,200,4,3440.97,12
1849,191,388,5,5916.1,46
1850,503,298,1,10163.81,41
1851,347,118,5,389.81,2
1852,379,37,5,10324.49,28
1853,508,101,3,7160.67,37
1854,414,349,5,11189.14,26
1855,535,6,1,6937.73,39
1856,251,337,2,11418.19,46
1857,851,197,4,14072.31,28
1858,874,287,2,13673.62,21
1859,315,17,1,4782.12,12
1860,523,347,5,12289.82,19
1861,767,334,5,5259.95,7
1862,60,315,5,4490.09,20
1863,544,454,2,3826.02,28
1864,689,325,2,9641.85,14
1865,348,55,2,4152.59,12
1866,304,439,3,5379.66,11
1867,612,6,4,5381.94,4
1868,974,166,2,14900.72,38
1869,613,113,1,3470.06,46
1870,971,470,5,800.99,46
1871,843,452,1,12545.73,22
1872,313,177,3,2599.08,7
1873,584,339,1,638.34,19
1874,779,121,1,6004.53,25
1875,909,310,2,11856.94,15
1876,264,132,4,10112.67,28
1877,515,212,3,3083.82,49
1878,947,424,3,9755.82,14
1879,227,329,5,1233.43,5
1880,625,152,3,10257.55,49
1881,548,370,4,14550.84,30
1882,338,378,3,3818.51,19
1883,67,222,2,13190.3,27
1884,273,4,1,12899.91,1
1885,137,463,5,9627.92,39
1886,3,483,2,10805.06,40
1887,258,459,2,13002.74,46
1888,109,166,5,1026.75,46
1889,180,296,5,11269.28,27
1890,106,239,5,8124.28,24
1891,822,414,1,11621.09,5
1892,935,483,2,4457.2,6
1893,854,350,2,1617.82,4
1894,80,392,3,3077.95,9
1895,752,415,2,14752.51,4
1896,338,66,4,1919.89,32
1897,233,43,4,9405.2,11
1898,997,92,1,8241.21,4
1899,740,406,1,8562.85,50
1900,367,279,5,9396.66,44
1901,754,175,3,11609.84,25
1902,8,139,2,4971.19,12
1903,159,152,3,9053.69,48
1904,61,16,2,7734.69,17
1905,600,308,2,1171.67,5
1906,563,202,2,11584.25,40
1907,255,373,1,11327.59,44
1908,607,423,3,5016.54,0
1909,92,260,5,4910.54,3
1910,653,252,4,14330.47,2
1911,783,184,5,6762.61,7
1912,909,486,3,7914.03,24
1913,467,265,2,13738.6,13
1914,459,121,4,12898.19,5
1915,228,140,2,12454.58,17
1916,519,148,3,8487.86,28
1917,513,465,3,8405.89,37
1918,29,90,3,13070.12,34
1919,275,263,4,6763.2,39
1920,589,272,4,5708.79,8
1921,412,54,2,1548.81,18
1922,568,468,5,12801.73,10
1923,121,104,3,11337.8,40
1924,577,131,1,13417.66,22
1925,200,215,3,3296.04,33
1926,176,459,1,6395.02,43
1927,964,46,5,14809.58,15
1928,365,387,4,14051.35,36
1929,781,187,4,13735.71,9
1930,749,408,4,12050.78,34
1931,213,35,2,9727.29,24
1932,452,276,1,658.06,7
1933,826,429,3,7094.94,41
1934,7,150,4,3418.84,6
1935,637,82,3,10130.34,14
1936,894,194,5,3323.94,38
1937,647,463,5,14617.76,2
1938,219,143,5,11689.87,19
1939,342,240,5,7181.63,6
1940,592,363,4,4812.27,29
1941,706,11,5,7942.17,14
1942,957,88,3,9437.71,11
1943,353,226,1,11512.57,25
1944,152,212,1,3526.18,42
1945,602,338,5,1030.2,20
1946,336,202,5,12184.14,16
1947,126,138,4,10935.27,1
1948,332,36,2,9534.25,40
1949,449,282,1,6022.85,37
1950,392,9,1,301.03,13
1951,595,203,1,12096.55,0
1952,516,457,2,11543.52,45
1953,642,327,3,10656.18,3
1954,548,328,4,6032.02,28
1955,842,191,1,9624.85,12
1956,740,372,3,8086.7,43
1957,714,263,4,3891.66,17
1958,177,433,1,288.54,4
1959,67,291,2,12585.26,14
1960,309,287,4,7785.27,41
1961,305,230,1,3011.98,44
1962,676,262,4,13583.0,42
1963,437,436,5,11968.44,32
1964,176,240,5,8127.53,48
1965,881,120,2,9332.85,27
1966,203,304,2,6289.34,17
1967,520,163,1,2072.68,24
1968,900,383,5,2846.16,30
1969,795,265,1,5547.53,43
1970,761,381,1,4392.89,2
1971,738,417,2,9779.69,17
1972,622,382,1,3667.68,14
1973,301,15,3,394.48,10
1974,397,174,2,14914.03,40
1975,409,125,3,10557.54,4
1976,445,277,2,3620.99,36
1977,290,147,4,13064.79,10
1978,362,75,3,9911.58,36
1979,657,224,1,2522.58,26
1980,300,27,4,784.85,36
1981,362,447,1,1649.43,14
1982,568,296,1,6199.58,10
1983,942,83,1,7799.73,13
1984,196,354,3,4309.47,37
1985,125,219,3,11199.98,1
1986,138,161,3,13536.43,40
1987,116,55,1,11313.88,40
1988,755,350,2,1343.68,21
1989,783,427,4,5805.9,41
1990,404,262,5,7011.13,14
1991,921,198,2,1212.56,48
1992,623,279,5,1504.34,7
1993,972,116,1,11851.8,13
1994,252,458,2,4954.41,24
1995,504,460,5,12457.03,13
1996,424,454,2,11334.77,22
1997,500,463,5,4857.22,38
1998,487,91,3,14285.14,3
1999,89,55,1,11973.6,8
2000,657,198,3,3539.33,1
2001,94,248,2,7413.86,38
2002,341,196,1,4851.79,42
2003,78,153,5,2526.88,23
2004,456,166,2,5353.07,36
2005,577,4,3,7930.07,21
2006,972,301,2,3429.25,45
2007,457,11,4,10280.44,18
2008,523,360,4,1464.33,25
2009,183,111,3,5728.82,12
2010,577,43,4,12681.09,19
2011,996,485,2,10966.42,24
2012,288,57,5,12572.37,49
2013,552,322,3,8966.97,17
2014,122,49,4,7201.23,36
2015,595,376,3,7555.4,10
2016,156,278,5,13954.44,32
2017,723,413,2,2041.97,8
2018,120,426,2,11604.5,16
2019,434,337,3,12831.31,25
2020,81,175,1,6962.55,16
2021,885,87,3,7290.83,9
2022,987,84,5,12615.45,4
2023,45,409,4,12268.3,26
2024,123,33,2,5167.97,2
2025,529,244,5,8666.84,11
2026,110,470,1,3262.83,21
2027,414,409,2,5798.4,43
2028,892,332,3,10646.46,26
2029,79,250,2,11153.74,36
2030,206,445,5,5809.32,18
2031,44,394,1,1835.48,28
2032,9,221,5,8382.28,50
2033,229,240,3,13401.53,11
2034,381,317,4,13140.53,37
2035,105,233,3,5791.78,30
2036,584,477,1,8142.28,45
2037,19,120,2,7987.87,42
2038,515,221,3,14874.84,19
2039,586,15,1,3305.09,13
2040,267,284,4,12477.62,16
2041,424,93,5,3784.79,41
2042,993,179,3,14868.64,35
2043,128,327,2,8612.84,19
2044,598,331,4,12817.75,24
2045,495,79,3,8857.67,21
2046,399,491,5,998.71,16
2047,480,159,3,6647.11,28
2048,126,111,3,12234.94,12
2049,705,52,5,11436.09,13
2050,285,447,5,2858.8,16
2051,744,36,1,4560.46,15
2052,481,418,2,10872.34,12
2053,203,272,3,1202.58,39
2054,957,253,2,12410.65,2
2055,71,372,1,4158.19,12
2056,881,119,3,892.96,42
2057,421,192,1,10198.01,29
2058,238,106,1,869.24,5
2059,445,400,4,4794.79,48
2060,64,366,3,8909.36,25
2061,36,254,1,7197.28,0
2062,926,389,5,1406.59,48
2063,506,370,4,8237.15,35
2064,935,489,5,7744.96,19
2065,587,307,2,9400.87,7
2066,252,392,1,14300.96,15
2067,143,74,4,11953.66,23
2068,180,481,4,10819.29,28
2069,404,340,5,11861.39,31
2070,711,302,3,14761.55,48
2071,680,405,3,5437.4,21
2072,100,42,2,12275.83,30
2073,295,495,1,4806.34,50
2074,800,211,4,11219.94,50
2075,283,42,2,3412.07,22
2076,373,260,5,13605.17,30
2077,885,124,3,5475.97,15
2078,76,251,1,3625.32,3
2079,115,409,1,3565.15,44
2080,374,135,2,987.65,28
2081,109,381,4,9312.94,33
2082,302,442,5,5781.29,9
2083,5,204,1,4417.35,33
2084,465,273,1,9572.15,1
2085,800,79,2,11413.6,3
2086,175,412,4,5243.3,46
2087,147,25,3,2952.63,8
2088,698,366,1,4704.4,42
2089,98,470,4,244.47,34
2090,666,424,5,8036.62,40
2091,976,256,4,9311.31,27
2092,554,302,4,12284.65,24
2093,392,137,3,14879.84,17
2094,56,321,2,11054.14,27
2095,949,424,2,13151.11,45
2096,495,106,3,2840.3,22
2097,455,325,1,6330.38,36
2098,330,351,5,6799.26,47
2099,459,276,4,8393.06,37
2100,662,174,3,12343.87,30
2101,269,192,2,4077.94,31
2102,814,340,1,8835.39,48
2103,414,352,3,9695.59,38
2104,998,45,3,810.69,34
2105,727,288,2,2545.71,31
2106,522,456,5,12177.51,25
2107,102,426,4,9412.29,34
2108,710,295,3,2817.33,46
2109,250,270,1,14081.31,19
2110,166,387,1,13196.1,25
2111,583,79,5,11515.99,48
2112,324,491,4,1448.82,13
2113,806,284,2,8241.22,41
2114,776,234,4,3606.3,23
2115,411,140,1,11957.71,30
2116,59,106,3,2451.5,37
2117,56,191,2,4781.47,30
2118,393,173,2,9077.74,20
2119,365,84,1,2597.72,46
2120,134,409,3,10080.6,32
2121,51,35,4,7978.64,15
2122,337,75,1,745.56,40
2123,415,465,1,1776.72,32
2124,369,157,4,9424.62,48
2125,961,335,1,6160.19,28
2126,978,21,5,9098.31,22
2127,114,42,4,4033.79,3
2128,162,279,1,658.91,28
2129,51,44,4,13926.15,15
2130,223,27,4,4109.22,33
2131,572,268,2,5221.69,9
2132,933,111,3,9804.76,35
2133,96,264,2,14686.37,16
2134,607,27,2,9881.85,14
2135,166,235,2,5386.66,40
2136,426,152,1,1904.47,5
2137,177,316,1,8054.24,2
2138,522,355,1,6702.97,37
2139,684,247,2,6736.49,18
2140,395,427,3,12455.46,20
2141,793,411,5,6460.43,36
2142,246,286,5,3608.5,21
2143,551,119,2,1238.47,32
2144,939,482,5,5335.8,45
2145,118,249,4,840.85,19
2146,692,465,4,2150.09,50
2147,921,471,1,6708.24,40
2148,49,364,2,9368.45,4
2149,161,254,3,6452.86,50
2150,313,225,5,9641.25,41
2151,79,219,5,2540.19,22
2152,55,402,3,7358.56,22
2153,248,291,5,13246.12,35
2154,495,27,2,10530.77,42
2155,427,328,2,1665.91,46
2156,44,67,1,1299.57,19
2157,513,236,4,4839.6,48
2158,177,238,4,11681.98,9
2159,391,271,5,613.7,8
2160,768,492,5,9067.75,33
2161,948,91,3,12220.58,21
2162,341,338,3,1914.74,31
2163,210,281,2,4318.8,4
2164,262,453,4,6640.49,12
2165,935,323,5,12925.08,40
2166,765,346,2,708.98,40
2167,554,372,2,9426.57,4
2168,751,200,3,5359.55,1
2169,790,127,3,10387.08,15
2170,856,121,4,13924.57,18
2171,978,110,5,5504.7,45
2172,99,72,5,9835.52,15
2173,638,318,1,3243.12,9
2174,614,169,4,4188.81,20
2175,849,357,1,3898.01,47
2176,821,43,2,2546.36,22
2177,258,265,2,3237.21,16
2178,654,286,2,1398.08,27
2179,115,279,1,6860.34,39
2180,686,165,3,2366.34,6
2181,842,341,3,13073.88,0
2182,915,464,1,14569.76,40
2183,926,428,5,3568.86,35
2184,343,106,3,5121.34,30
2185,774,191,5,13359.87,50
2186,900,105,2,11656.5,48
2187,424,121,1,7536.23,11
2188,657,463,2,3265.79,11
2189,242,422,5,6204.49,49
2190,808,119,4,9921.52,44
2191,126,243,1,4240.53,44
2192,303,57,4,8259.77,29
2193,407,446,4,10091.55,4
2194,75,123,5,9587.38,6
2195,69,443,5,10393.93,23
2196,119,139,1,12301.05,35
2197,979,350,1,7913.61,17
2198,850,250,4,3048.97,30
2199,281,213,5,10584.26,0
2200,544,18,4,3301.08,27
2201,103,326,1,8344.9,49
2202,114,7,2,9516.14,43
2203,801,67,4,14137.1,35
2204,515,274,3,7884.21,46
2205,315,310,5,3099.15,25
2206,936,437,3,9846.88,32
2207,683,31,5,5255.71,31
2208,872,328,2,10113.71,25
2209,615,474,5,8702.11,7
2210,865,441,5,11411.03,18
2211,452,16,3,12011.23,11
2212,372,216,4,14604.02,37
2213,246,188,4,12617.97,24
2214,521,210,5,10248.03,46
2215,644,168,5,7432.51,43
2216,85,329,3,1353.94,19
2217,363,211,4,3938.65,27
2218,938,479,4,7986.76,38
2219,691,388,4,1509.3,49
2220,337,239,1,12806.87,43
2221,857,346,4,8999.9,17
2222,574,465,2,2356.78,22
2223,83,347,4,11029.73,29
2224,621,77,3,3460.97,34
2225,588,95,3,3459.18,5
2226,85,35,2,230.79,16
2227,173,401,4,6235.11,4
2228,465,58,1,8826.21,9
2229,851,227,3,12734.65,18
2230,654,383,1,4376.72,19
2231,797,84,4,5293.22,27
2232,545,229,3,7334.64,34
2233,701,25,2,3834.11,13
2234,499,91,2,7907.61,40
2235,120,461,4,10804.96,8
2236,433,148,2,5300.91,22
2237,827,266,1,4976.77,4
2238,172,271,5,10648.98,43
2239,19,151,5,11222.19,46
2240,44,60,4,12935.12,38
2241,138,147,2,3839.22,48
2242,381,143,5,9601.98,14
2243,753,177,2,13498.73,33
2244,518,7,3,10559.69,4
2245,615,67,1,1947.22,24
2246,90,295,4,1132.36,25
2247,180,54,3,11989.98,13
2248,103,146,4,4919.46,44
2249,367,92,5,2039.28,34
2250,188,143,4,9799.78,44
2251,524,105,5,12600.13,43
2252,88,497,4,9703.79,40
2253,426,293,4,8898.39,46
2254,886,428,4,14144.54,50
2255,510,316,5,10470.33,49
2256,458,186,1,14290.41,31
2257,125,386,1,2325.33,46
2258,307,366,1,13872.47,50
2259,279,488,4,356.64,7
2260,571,26,2,10346.92,9
2261,550,109,1,13408.38,8
2262,301,55,4,8149.43,3
2263,882,96,3,316.28,18
2264,642,252,4,9952.05,33
2265,513,326,3,11034.68,9
2266,823,208,3,14529.14,29
2267,85,244,4,9545.79,32
2268,989,145,5,14017.44,17
2269,710,8,4,13333.78,13
2270,505,487,5,2009.7,1
2271,594,292,5,12229.11,25
2272,419,264,5,12786.97,18
2273,789,12,3,825.05,41
2274,732,231,4,4962.37,40
2275,754,195,5,9163.6,9
2276,596,445,3,1791.97,25
2277,779,353,5,8794.7,28
2278,208,69,3,10677.19,46
2279,639,492,5,5419.57,41
2280,330,470,4,3497.66,0
2281,990,214,5,12580.86,37
2282,179,488,3,13756.2,9
2283,549,429,3,8247.3,21
2284,486,346,1,4867.93,8
2285,846,455,1,4152.87,42
2286,287,461,1,1675.2,30
2287,703,385,5,9997.31,22
2288,312,123,4,3090.9,35
2289,732,338,5,8426.29,20
2290,229,420,1,1954.06,17
2291,771,11,4,611.72,26
2292,161,352,3,14675.75,5
2293,734,340,1,11276.75,37
2294,748,123,4,4212.12,35
2295,928,117,5,10093.74,12
2296,193,409,5,6314.71,19
2297,752,20,4,7886.55,13
2298,767,340,5,3323.87,30
2299,903,474,5,14371.58,21
2300,292,34,3,7251.81,40
2301,940,42,3,11340.66,39
2302,592,498,2,13188.86,39
2303,294,323,2,7399.45,42
2304,420,10,3,3110.58,11
2305,516,295,4,6529.44,9
2306,479,357,5,12443.06,20
2307,241,295,3,6498.55,0
2308,157,101,1,7234.53,12
2309,52,1,4,14158.31,37
2310,60,377,4,4697.26,27
2311,836,194,5,10618.61,20
2312,238,43,5,12674.5,47
2313,467,168,3,12176.74,11
2314,825,484,3,11212.81,34
2315,317,332,5,1177.99,8
2316,488,210,1,7345.35,34
2317,342,36,5,8249.76,8
2318,135,146,1,5441.61,11
2319,727,324,1,9388.82,33
2320,958,246,5,938.65,49
2321,702,25,3,11576.24,37
2322,946,169,3,888.19,48
2323,783,373,4,14551.13,5
2324,498,244,2,7157.14,48
2325,397,36,4,13557.65,0
2326,487,2,2,9437.83,50
2327,46,89,2,6615.57,45
2328,619,97,2,13637.56,29
2329,349,245,3,14697.92,2
2330,240,321,4,3164.41,45
2331,596,186,1,2269.88,50
2332,661,452,3,2101.6,49
2333,370,192,5,11064.39,2
2334,360,269,3,496.07,9
2335,937,478,3,5361.31,19
2336,412,193,1,13648.2,41
2337,599,4,3,13924.37,30
2338,910,67,4,2190.84,20
2339,988,468,5,2288.77,47
2340,726,27,2,1388.37,16
2341,186,412,3,13231.8,25
2342,587,60,4,13141.83,27
2343,963,252,1,9885.93,33
2344,99,452,1,11473.39,41
2345,872,14,3,12408.88,9
2346,269,211,3,7706.47,14
2347,932,242,3,9290.66,24
2348,850,416,2,1713.63,2
2349,293,409,2,10948.52,37
2350,366,115,4,3136.9,34
2351,354,231,5,6527.32,22
2352,817,113,4,11609.11,19
2353,783,51,1,4349.02,32
2354,681,382,1,4737.43,0
2355,493,332,3,13081.56,24
2356,858,78,2,14574.04,10
2357,465,329,1,5038.35,31
2358,204,394,4,1991.6,44
2359,396,61,2,12008.85,27
2360,298,39,1,1941.12,31
2361,667,246,5,2248.4,8
2362,81,211,5,926.65,35
2363,947,283,3,3608.51,3
2364,713,252,3,7297.11,40
2365,521,145,1,11392.01,29
2366,829,289,1,3937.51,23
2367,322,490,5,3575.35,18
2368,358,232,3,9809.95,12
2369,698,187,5,6485.06,45
2370,96,161,1,13222.16,8
2371,161,497,5,9961.24,44
2372,409,163,1,4078.08,4
2373,797,465,4,7282.39,50
2374,638,226,1,13079.69,42
2375,774,495,1,13553.61,18
2376,862,79,3,8233.89,27
2377,940,96,3,5663.41,19
2378,766,120,1,11706.3,44
2379,855,95,4,2502.55,33
2380,995,58,2,8483.92,29
2381,22,223,5,4121.52,16
2382,808,53,5,1093.2,13
2383,693,194,3,10191.17,36
2384,45,147,3,8131.76,23
2385,318,391,4,339.01,23
2386,596,293,1,12752.86,1
2387,962,397,1,12541.33,35
2388,101,453,2,14110.9,20
2389,402,324,3,14834.38,18
2390,449,491,5,11946.42,41
2391,731,206,3,14459.71,34
2392,922,161,3,8825.12,21
2393,601,352,4,13596.84,50
2394,684,129,3,14139.2,3
2395,773,498,3,7972.55,9
2396,517,341,1,14047.4,29
2397,57,291,4,10333.1,45
2398,670,181,3,11203.47,50
2399,769,69,1,2944.69,47
2400,809,477,1,9503.99,26
2401,696,275,4,3586.64,45
2402,488,58,2,8695.21,6
2403,489,414,5,14040.54,37
2404,539,147,3,11565.42,37
2405,409,58,1,3964.03,14
2406,575,50,2,4839.43,44
2407,332,444,1,10198.95,17
2408,314,85,1,7638.02,41
2409,886,18,3,10699.89,22
2410,961,200,2,5676.38,48
2411,934,443,3,445.38,37
2412,851,145,3,12871.62,6
2413,486,375,2,4277.98,19
2414,719,75,1,5098.58,48
2415,910,465,3,13977.83,33
2416,233,127,4,534.5,11
2417,108,455,1,4807.26,30
2418,689,473,4,4543.18,50
2419,799,280,5,4928.89,15
2420,345,360,1,8962.91,3
2421,81,297,1,11009.19,46
2422,16,265,4,7880.98,30
2423,129,394,2,3328.31,43
2424,782,236,2,2536.89,48
2425,966,77,3,8096.85,9
2426,814,449,4,7570.28,30
2427,745,483,4,8080.44,14
2428,435,150,2,2682.57,36
2429,549,126,4,14610.74,6
2430,109,325,4,13883.48,47
2431,276,369,1,412.89,10
2432,70,59,5,12370.63,21
2433,374,260,3,13753.87,38
2434,334,56,1,5877.63,47
2435,152,474,2,6641.51,36
2436,530,412,2,3551.96,1
2437,224,42,2,10695.61,21
2438,413,42,1,13643.66,9
2439,287,151,3,13877.96,42
2440,982,465,1,8094.1,0
2441,156,201,2,661.19,3
2442,525,282,3,13690.77,22
2443,40,270,1,4044.0,20
2444,700,23,4,12152.19,2
2445,437,118,4,454.54,1
2446,174,252,4,2634.6,16
2447,568,111,4,4625.93,27
2448,896,217,5,5054.49,49
2449,75,193,4,5448.77,3
2450,941,359,1,12130.61,0
2451,275,339,4,14647.78,48
2452,812,180,2,7970.83,15
2453,261,452,5,5988.23,2
2454,989,52,4,2796.48,10
2455,686,335,3,797.08,37
2456,311,296,1,2013.53,30
2457,597,14,4,2308.28,23
2458,745,82,1,4485.53,33
2459,61,309,5,13288.32,31
2460,781,284,1,8432.4,37
2461,106,426,1,12216.91,18
2462,510,471,3,9228.94,12
2463,598,418,4,760.77,26
2464,405,391,3,10702.13,8
2465,316,191,5,8892.4,4
2466,415,474,2,3484.14,22
2467,683,214,2,7401.74,25
2468,603,471,2,13972.91,43
2469,542,485,5,13799.37,12
2470,451,159,3,6001.24,49
2471,157,478,1,8794.01,29
2472,539,262,4,12920.25,26
2473,888,130,1,12620.19,43
2474,63,228,4,2510.28,7
2475,922,29,5,11878.27,43
2476,984,488,3,10586.18,24
2477,248,146,4,5050.96,14
2478,438,355,4,3902.52,49
2479,165,293,5,8451.54,6
2480,429,197,5,8213.96,1
2481,238,199,5,13533.42,13
2482,659,31,5,9549.13,16
2483,708,170,5,3836.15,41
2484,603,430,3,10372.98,28
2485,80,90,3,9990.6,41
2486,222,4,5,10301.32,38
2487,433,465,3,14656.71,35
2488,599,398,3,6854.45,5
2489,337,146,3,8453.92,8
2490,736,412,4,397.28,44
2491,941,469,1,14945.04,20
2492,801,157,5,4801.92,41
2493,283,276,4,11568.91,28
2494,937,244,1,11655.53,18
2495,139,311,1,4883.75,35
2496,933,283,5,6810.75,20
2497,416,339,2,6465.66,17
2498,288,147,5,3424.61,3
2499,498,26,5,4149.9,1
2500,999,307,3,2209.03,11
2501,868,336,2,8254.2,0
2502,223,153,5,1029.24,35
2503,569,320,2,7170.13,10
2504,805,229,3,2166.18,26
2505,234,284,3,8417.78,31
2506,117,467,5,12463.62,8
2507,148,391,3,1839.26,17
2508,47,374,5,9785.67,41
2509,487,192,1,1554.75,8
2510,489,358,2,10913.38,45
2511,769,148,3,11088.08,48
2512,397,296,3,3031.15,32
2513,866,177,5,3843.38,32
2514,562,439,3,2585.67,47
2515,977,412,2,3547.84,42
2516,300,285,4,10842.14,11
2517,786,283,4,11346.16,3
2518,897,462,3,3407.54,16
2519,515,422,4,4526.47,5
2520,423,3,1,11550.75,1
2521,346,240,3,578.83,0
2522,479,107,4,4338.38,10
2523,936,264,4,9811.08,5
2524,610,255,1,1293.87,21
2525,724,427,2,4406.95,50
2526,676,164,4,12160.35,15
2527,535,287,5,7098.73,47
2528,441,25,5,5646.11,10
2529,477,62,4,2153.16,17
2530,489,10,5,2818.05,49
2531,613,226,2,9062.16,50
2532,200,69,2,7058.35,32
2533,261,53,3,9855.48,22
2534,921,238,3,8188.92,36
2535,129,181,5,2667.65,14
2536,834,391,5,11138.06,9
2537,701,49,4,10478.25,1
2538,523,22,5,7131.45,25
2539,130,221,1,12806.87,26
2540,589,262,1,265.29,3
2541,195,161,1,6836.74,29
2542,825,231,1,11420.98,14
2543,729,155,5,3711.22,12
2544,570,490,5,3502.25,2
2545,63,203,2,8321.33,18
2546,599,55,2,2599.86,32
2547,893,463,4,5063.65,16
2548,253,386,1,1846.97,5
2549,616,96,3,7972.66,3
2550,771,332,3,1472.33,15
2551,330,359,2,8203.26,39
2552,161,291,3,10290.09,19
2553,356,193,5,5301.09,9
2554,868,383,5,8499.75,36
2555,831,51,1,14471.32,25
2556,153,321,2,13557.05,17
2557,921,168,4,13766.89,36
2558,59,203,1,552.92,45
2559,201,381,5,7898.33,5
2560,864,424,3,8511.72,6
2561,725,267,3,13223.44,14
2562,616,294,5,9308.52,43
2563,726,132,4,3309.91,45
2564,21,113,1,5012.97,38
2565,89,376,1,14983.01,16
2566,307,88,5,11759.44,49
2567,258,279,4,14167.31,32
2568,876,58,5,4395.29,18
2569,810,317,1,12808.6,40
2570,784,362,5,12945.89,15
2571,505,119,1,4187.45,29
2572,940,426,1,5747.69,22
2573,387,253,3,2422.08,36
2574,885,412,3,7201.16,6
2575,189,230,4,12334.69,26
2576,941,118,2,2512.27,30
2577,378,159,1,12798.53,10
2578,176,320,2,3315.41,38
2579,150,134,4,11032.73,41
2580,390,320,4,4295.28,28
2581,901,483,5,7252.29,26
2582,839,232,5,3482.4,7
2583,779,284,3,304.31,41
2584,175,479,1,3863.54,4
2585,746,131,4,9798.78,12
2586,424,193,2,11440.02,14
2587,869,389,1,5718.66,12
2588,143,293,3,5935.62,16
2589,109,170,2,11754.06,14
2590,527,200,5,13965.71,36
2591,395,120,5,6213.84,37
2592,290,493,5,365.14,36
2593,340,357,2,12017.13,47
2594,764,488,3,7313.25,32
2595,748,289,2,14677.02,30
2596,631,52,2,11419.23,49
2597,860,355,5,12032.88,18
2598,636,111,5,1808.03,44
2599,238,373,1,5406.6,2
2600,238,348,3,13350.95,10
2601,845,392,3,6753.0,7
2602,489,466,2,11510.7,50
2603,463,289,2,6030.61,25
2604,286,443,2,7672.13,1
2605,75,274,1,2923.85,23
2606,555,105,3,13771.49,13
2607,214,443,2,939.67,16
2608,438,428,5,397.33,32
2609,243,5,4,1666.28,8
2610,989,65,4,244.28,41
2611,776,280,4,13971.99,5
2612,357,425,1,5742.03,44
2613,340,173,3,4553.94,18
2614,378,319,1,14753.1,39
2615,150,469,3,421.28,35
2616,457,279,1,8079.76,34
2617,769,15,2,14687.04,22
2618,190,469,1,9020.67,39
2619,424,221,4,3825.67,21
2620,584,298,2,3507.96,31
2621,32,148,1,9069.01,41
2622,544,457,5,10554.24,15
2623,191,30,3,13304.59,39
2624,204,288,1,11839.75,36
2625,291,350,1,2652.65,33
2626,966,92,2,4410.0,10
2627,148,168,3,12492.45,14
2628,372,123,2,7286.02,45
2629,475,72,4,3307.76,10
2630,624,432,5,6198.48,38
2631,347,495,5,12245.45,2
2632,420,14,1,1496.85,40
2633,115,258,4,12341.42,6
2634,48,29,5,14981.54,5
2635,849,63,4,12000.09,43
2636,561,338,3,6223.61,9
2637,680,93,2,14917.0,34
2638,892,308,4,5908.43,20
2639,180,324,2,3437.52,4
2640,291,379,5,4088.67,14
2641,311,122,1,13564.63,25
2642,520,254,1,11353.83,21
2643,947,163,4,1547.23,46
2644,692,13,1,13721.91,35
2645,137,340,3,404.48,22
2646,122,14,2,4903.47,46
2647,141,199,3,10358.62,8
2648,614,437,2,8947.66,30
2649,567,492,5,815.27,49
2650,886,43,1,14367.04,10
2651,416,454,4,3590.21,41
2652,789,192,4,850.66,19
2653,132,5,3,10622.91,17
2654,34,398,2,10282.25,11
2655,196,190,2,1160.57,38
2656,997,376,4,3539.79,8
2657,688,322,4,13207.1,12
2658,319,497,2,12654.69,30
2659,152,96,5,6542.7,40
2660,969,442,2,14759.72,28
2661,618,92,2,7830.86,29
2662,803,400,1,10376.81,24
2663,455,206,1,9466.49,49
2664,532,272,5,14134.39,41
2665,137,481,2,7707.11,37
2666,217,237,5,4474.73,9
2667,431,265,1,7697.79,48
2668,51,428,2,5180.97,15
2669,972,448,3,5292.04,38
2670,536,116,5,6983.04,0
2671,671,416,1,14494.93,8
2672,50,496,5,1817.86,7
2673,488,442,4,2718.52,43
2674,976,494,5,10149.21,32
2675,419,291,3,14963.02,33
2676,274,454,2,13219.68,16
2677,720,130,1,8500.54,28
2678,527,405,3,3920.48,49
2679,987,223,3,3873.99,42
2680,271,473,2,8916.89,13
2681,494,198,1,11092.01,24
2682,144,102,5,11090.22,33
2683,78,380,1,5168.35,34
2684,749,439,4,7805.09,19
2685,983,13,2,14411.35,34
2686,722,304,1,9730.66,3
2687,806,427,2,2286.8,43
2688,572,277,4,9396.71,19
2689,475,495,1,4005.09,27
2690,429,381,4,9479.27,43
2691,228,104,4,13926.3,27
2692,475,156,5,2479.88,22
2693,894,322,3,3647.07,28
2694,824,92,1,10105.78,28
2695,474,379,4,13744.8,8
2696,497,385,5,1415.27,31
2697,924,459,1,3037.67,4
2698,232,216,5,5464.28,31
2699,32,179,3,10266.66,1
2700,90,254,2,10427.21,45
2701,846,244,2,10582.36,24
2702,841,419,3,299.6,34
2703,98,395,1,9882.35,12
2704,75,177,5,6928.51,0
2705,42,43,4,2024.62,41
2706,937,49,3,2235.82,43
2707,900,474,3,2874.51,5
2708,729,498,4,14955.92,49
2709,820,410,5,9275.58,8
2710,232,451,4,1833.94,17
2711,960,57,5,7760.1,43
2712,860,133,2,10686.96,3
2713,876,388,1,13163.82,24
2714,457,364,4,9096.34,12
2715,700,137,5,2800.64,6
2716,935,451,2,7542.66,28
2717,372,326,4,14922.07,1
2718,588,344,2,6353.14,26
2719,995,118,1,12939.31,23
2720,356,146,5,14281.26,38
2721,585,180,4,2030.57,7
2722,159,268,2,762.3,20
2723,71,259,3,5666.81,44
2724,208,116,4,13099.72,29
2725,320,71,1,13938.75,11
2726,461,148,3,10357.08,11
2727,361,370,3,627.26,32
2728,50,427,1,10086.59,4
2729,840,65,2,1284.31,25
2730,868,269,4,9642.33,29
2731,516,59,2,7834.82,37
2732,41,238,2,5566.62,3
2733,181,311,4,4456.59,1
2734,114,221,2,7358.34,49
2735,335,193,1,4592.26,33
2736,586,247,3,3831.01,38
2737,758,412,2,6573.64,23
2738,612,286,4,8991.66,19
2739,249,94,1,5319.88,33
2740,483,259,4,3670.82,30
2741,394,170,2,10066.74,17
2742,168,438,2,3617.32,27
2743,472,429,4,6059.2,19
2744,419,357,1,2922.53,27
2745,887,257,5,7050.87,22
2746,912,300,5,12264.23,2
2747,437,388,1,11063.58,26
2748,381,366,5,14432.5,30
2749,539,475,4,2358.44,31
2750,862,488,3,13889.86,45
2751,907,471,5,8197.12,25
2752,168,117,3,12061.33,2
2753,591,28,4,5218.98,7
2754,973,36,3,14531.13,22
2755,505,492,1,14826.52,10
2756,710,38,3,13050.32,31
2757,587,410,4,4039.98,46
2758,868,258,2,11457.86,10
2759,513,493,4,14817.38,7
2760,200,406,3,2497.24,46
2761,511,458,4,947.05,37
2762,76,416,1,10732.88,13
2763,980,308,5,10050.32,45
2764,630,315,1,13480.89,45
2765,509,229,5,2605.24,39
2766,777,47,4,11083.67,15
2767,230,265,1,831.37,49
2768,943,299,4,1458.59,23
2769,631,55,2,11376.8,24
2770,964,415,1,4676.29,14
2771,314,28,4,4219.97,6
2772,971,240,2,7203.08,39
2773,403,429,4,11356.45,47
2774,242,54,4,4236.19,36
2775,994,497,1,5884.12,35
2776,248,448,2,599.57,26
2777,475,105,5,9537.97,50
2778,960,248,2,2938.6,50
2779,396,481,3,11991.82,40
2780,908,313,2,7080.31,26
2781,574,337,2,10676.1,4
2782,851,429,5,6662.41,17
2783,313,404,3,13838.51,1
2784,988,122,4,248.12,32
2785,736,79,3,12565.18,13
2786,988,9,3,12229.89,11
2787,795,432,3,9504.5,26
2788,212,201,5,11625.64,24
2789,324,26,2,10280.32,25
2790,154,198,1,13553.99,48
2791,858,52,1,6845.59,5
2792,709,392,2,6971.25,41
2793,415,202,3,5874.61,41
2794,533,439,1,3381.43,14
2795,416,109,5,11316.8,49
2796,867,123,5,14722.46,24
2797,321,110,2,13556.83,50
2798,909,188,5,6657.44,39
2799,131,18,5,2702.56,31
2800,686,59,2,2051.46,33
2801,642,395,1,1931.45,1
2802,514,195,1,1865.02,5
2803,499,386,3,9965.55,8
2804,917,271,5,3532.74,12
2805,875,348,1,4566.21,31
2806,779,284,1,14144.2,20
2807,452,266,4,7466.93,24
2808,268,407,2,14367.48,28
2809,167,234,1,10099.84,21
2810,939,80,3,9098.52,13
2811,583,358,1,8975.81,7
2812,721,500,5,3271.23,45
2813,26,279,3,12684.75,40
2814,559,176,2,1834.33,3
2815,309,457,4,11239.5,19
2816,797,171,2,13894.44,30
2817,812,88,2,7306.52,21
2818,419,368,3,3317.69,19
2819,394,395,2,4651.0,16
2820,135,229,2,14680.14,43
2821,240,104,5,8539.03,39
2822,324,196,2,11427.78,38
2823,116,136,3,13659.47,6
2824,385,312,4,6329.57,24
2825,512,291,1,4107.55,24
2826,107,493,1,5802.26,20
2827,954,150,1,418.15,13
2828,773,37,2,7454.91,7
2829,342,117,1,3767.57,1
2830,272,462,3,3839.56,12
2831,69,205,3,12819.94,11
2832,460,161,3,13172.16,16
2833,717,167,3,9034.85,5
2834,65,157,5,6931.89,3
2835,838,370,1,10917.61,22
2836,343,351,2,12629.01,26
2837,293,190,2,13600.4,3
2838,368,257,2,11933.54,30
2839,969,138,3,2617.09,34
2840,371,271,1,4689.56,29
2841,666,47,5,4493.59,10
2842,193,249,4,13662.98,45
2843,178,402,2,14287.59,38
2844,193,190,5,1145.28,15
2845,968,6,3,5285.74,15
2846,646,372,2,12505.55,19
2847,526,478,1,6059.49,37
2848,49,50,4,7558.17,45
2849,226,500,2,5399.62,14
2850,524,324,4,6719.35,30
2851,161,157,4,3264.31,10
2852,583,171,3,5860.74,0
2853,698,371,5,3800.41,21
2854,526,399,5,5331.99,35
2855,830,212,3,14545.57,42
2856,872,18,5,4337.54,41
2857,916,500,2,5128.19,13
2858,932,106,5,11300.19,9
2859,288,147,2,2889.73,33
2860,191,96,5,9604.81,3
2861,855,423,1,3350.98,11
2862,212,410,3,6824.86,4
2863,112,156,5,3512.5,28
2864,169,171,2,11643.41,22
2865,639,217,3,4272.24,40
2866,732,283,4,7110.55,13
2867,906,18,3,7348.11,17
2868,367,64,5,3445.45,15
2869,780,401,5,13333.22,11
2870,653,290,3,5376.16,40
2871,728,360,2,4627.63,7
2872,574,446,1,8093.15,8
2873,553,129,5,971.23,15
2874,69,480,3,345.73,27
2875,433,43,1,10727.2,15
2876,846,364,5,8908.08,46
2877,820,281,1,8731.63,7
2878,389,21,4,6979.48,1
2879,865,458,1,264.33,20
2880,432,257,5,2281.22,39
2881,587,96,1,14858.0,47
2882,51,91,3,8748.98,7
2883,878,428,3,10622.99,49
2884,852,450,3,10804.75,8
2885,712,269,4,5676.38,3
2886,348,149,3,11034.74,48
2887,104,473,3,10275.34,33
2888,303,93,3,12397.37,50
2889,914,153,5,1190.37,33
2890,80,352,4,1015.83,45
2891,271,463,1,4899.35,8
2892,735,367,1,3533.62,10
2893,304,226,1,2723.57,34
2894,101,48,3,13728.42,3
2895,84,464,1,10710.21,3
2896,645,103,3,7414.37,18
2897,699,127,3,11121.01,23
2898,448,379,5,12018.16,32
2899,927,391,3,13346.04,6
2900,218,240,5,5751.79,34
2901,973,431,5,7141.68,31
2902,651,256,1,14202.68,3
2903,350,246,1,6040.76,31
2904,984,482,3,11727.24,28
2905,215,430,4,4933.51,35
2906,724,339,3,8706.08,5
2907,128,406,3,8665.38,7
2908,662,206,4,14742.03,31
2909,728,68,1,4252.88,42
2910,493,438,4,10661.49,27
2911,137,8,4,10074.21,46
2912,917,484,3,11098.19,47
2913,619,289,3,14519.19,38
2914,591,4,4,9751.81,26
2915,69,353,4,4705.25,25
2916,468,354,3,10905.38,4
2917,770,393,1,7142.73,25
2918,232,138,1,12584.8,18
2919,64,47,3,7099.61,11
2920,832,456,2,773.23,39
2921,957,161,3,11091.43,29
2922,761,294,3,7653.55,47
2923,359,385,5,5054.55,6
2924,227,244,2,8866.15,15
2925,292,482,3,9259.37,7
2926,983,306,1,8137.57,15
2927,591,485,4,12800.84,24
2928,130,430,5,7231.39,44
2929,400,212,1,12559.28,46
2930,179,268,3,9279.64,3
2931,658,7,2,664.26,7
2932,927,80,3,2831.63,19
2933,516,127,3,5517.32,34
2934,787,495,1,840.22,21
2935,904,281,3,8078.76,47
2936,35,40,4,11226.5,3
2937,648,331,3,12847.7,33
2938,552,261,3,6685.71,50
2939,280,85,5,4004.1,28
2940,862,439,2,11101.34,38
2941,836,121,2,11652.77,20
2942,79,34,1,12659.89,46
2943,2,268,5,359.26,8
2944,559,316,5,2760.7,12
2945,538,310,2,9055.47,19
2946,433,410,4,722.73,2
2947,822,434,2,6988.39,17
2948,769,120,2,2991.99,2
2949,213,472,2,1011.92,26
2950,527,203,3,1522.01,12
2951,725,232,3,2223.51,9
2952,983,124,2,12418.31,24
2953,703,183,1,7466.14,7
2954,40,134,4,4457.65,41
2955,30,243,4,13602.09,26
2956,782,209,1,13847.04,29
2957,850,273,4,13566.53,16
2958,419,265,1,6171.43,36
2959,987,238,3,8959.77,33
2960,782,192,1,6898.92,8
2961,230,129,1,13407.82,39
2962,660,112,2,7331.87,26
2963,549,216,3,12284.59,38
2964,680,260,2,4251.13,45
2965,639,172,5,10378.2,37
2966,731,139,2,2215.01,44
2967,183,428,3,4229.92,31
2968,275,302,3,5686.63,38
2969,42,428,3,12137.82,40
2970,56,235,3,10292.92,41
2971,676,500,3,4431.98,19
2972,633,79,3,12819.54,46
2973,980,137,2,3147.67,39
2974,225,90,2,2052.77,0
2975,255,343,1,5886.01,21
2976,206,106,2,4345.92,9
2977,824,110,2,3779.64,34
2978,289,22,4,13410.17,1
2979,531,173,2,4766.23,3
2980,802,20,4,14004.34,46
2981,777,209,4,7065.22,8
2982,477,463,2,1193.76,41
2983,521,241,1,12264.49,45
2984,585,154,1,6764.31,12
2985,114,198,5,2914.36,35
2986,706,179,1,8218.39,3
2987,700,27,4,8596.15,30
2988,725,142,5,11384.25,25
2989,427,16,5,4032.31,33
2990,190,280,5,747.73,22
2991,907,496,3,14205.79,49
2992,681,323,4,5888.21,45
2993,832,72,4,11932.11,27
2994,617,191,3,5448.87,28
2995,537,280,1,12458.73,9
2996,707,385,2,1020.35,32
2997,265,13,1,6612.75,4
2998,939,272,4,5098.94,31
2999,698,207,4,9669.68,14
3000,785,405,4,5935.49,20
